file_name,label_name,city,location_id,segment_id,device_id
airport-barcelona-0-0-a.wav,airport,barcelona,0,0,a
airport-barcelona-0-1-a.wav,airport,barcelona,0,1,a
airport-barcelona-0-10-a.wav,airport,barcelona,0,10,a
airport-barcelona-0-10-s4.wav,airport,barcelona,0,10,s4
airport-barcelona-0-11-a.wav,airport,barcelona,0,11,a
airport-barcelona-0-12-a.wav,airport,barcelona,0,12,a
airport-barcelona-0-13-a.wav,airport,barcelona,0,13,a
airport-barcelona-0-14-a.wav,airport,barcelona,0,14,a
airport-barcelona-0-15-a.wav,airport,barcelona,0,15,a
airport-barcelona-0-2-a.wav,airport,barcelona,0,2,a
airport-barcelona-0-2-c.wav,airport,barcelona,0,2,c
airport-barcelona-0-2-s5.wav,airport,barcelona,0,2,s5
airport-barcelona-0-2-s6.wav,airport,barcelona,0,2,s6
airport-barcelona-0-3-a.wav,airport,barcelona,0,3,a
airport-barcelona-0-3-s2.wav,airport,barcelona,0,3,s2
airport-barcelona-0-4-a.wav,airport,barcelona,0,4,a
airport-barcelona-0-5-a.wav,airport,barcelona,0,5,a
airport-barcelona-0-6-a.wav,airport,barcelona,0,6,a
airport-barcelona-0-6-s5.wav,airport,barcelona,0,6,s5
airport-barcelona-0-7-a.wav,airport,barcelona,0,7,a
airport-barcelona-0-8-a.wav,airport,barcelona,0,8,a
airport-barcelona-0-9-a.wav,airport,barcelona,0,9,a
airport-barcelona-0-9-s1.wav,airport,barcelona,0,9,s1
airport-barcelona-0-9-s4.wav,airport,barcelona,0,9,s4
airport-barcelona-1-16-a.wav,airport,barcelona,1,16,a
airport-barcelona-1-16-s3.wav,airport,barcelona,1,16,s3
airport-barcelona-1-16-s5.wav,airport,barcelona,1,16,s5
airport-barcelona-1-17-a.wav,airport,barcelona,1,17,a
airport-barcelona-1-18-a.wav,airport,barcelona,1,18,a
airport-barcelona-1-19-a.wav,airport,barcelona,1,19,a
airport-barcelona-1-20-a.wav,airport,barcelona,1,20,a
airport-barcelona-1-20-s2.wav,airport,barcelona,1,20,s2
airport-barcelona-1-21-a.wav,airport,barcelona,1,21,a
airport-barcelona-1-21-s4.wav,airport,barcelona,1,21,s4
airport-barcelona-1-22-a.wav,airport,barcelona,1,22,a
airport-barcelona-1-22-s3.wav,airport,barcelona,1,22,s3
airport-barcelona-1-23-a.wav,airport,barcelona,1,23,a
airport-barcelona-1-23-s4.wav,airport,barcelona,1,23,s4
airport-barcelona-1-24-a.wav,airport,barcelona,1,24,a
airport-barcelona-1-25-a.wav,airport,barcelona,1,25,a
airport-barcelona-1-25-c.wav,airport,barcelona,1,25,c
airport-barcelona-1-25-s1.wav,airport,barcelona,1,25,s1
airport-barcelona-1-25-s5.wav,airport,barcelona,1,25,s5
airport-barcelona-1-25-s6.wav,airport,barcelona,1,25,s6
airport-barcelona-1-26-a.wav,airport,barcelona,1,26,a
airport-barcelona-1-26-s6.wav,airport,barcelona,1,26,s6
airport-barcelona-1-27-a.wav,airport,barcelona,1,27,a
airport-barcelona-1-27-s1.wav,airport,barcelona,1,27,s1
airport-barcelona-1-28-a.wav,airport,barcelona,1,28,a
airport-barcelona-1-29-a.wav,airport,barcelona,1,29,a
airport-barcelona-1-30-a.wav,airport,barcelona,1,30,a
airport-barcelona-1-30-s2.wav,airport,barcelona,1,30,s2
airport-barcelona-1-31-a.wav,airport,barcelona,1,31,a
airport-barcelona-1-32-a.wav,airport,barcelona,1,32,a
airport-barcelona-1-33-a.wav,airport,barcelona,1,33,a
airport-barcelona-1-33-c.wav,airport,barcelona,1,33,c
airport-barcelona-1-34-a.wav,airport,barcelona,1,34,a
airport-barcelona-1-35-a.wav,airport,barcelona,1,35,a
airport-barcelona-1-36-a.wav,airport,barcelona,1,36,a
airport-barcelona-1-37-a.wav,airport,barcelona,1,37,a
airport-barcelona-1-38-a.wav,airport,barcelona,1,38,a
airport-barcelona-1-39-a.wav,airport,barcelona,1,39,a
airport-barcelona-1-40-a.wav,airport,barcelona,1,40,a
airport-barcelona-1-41-a.wav,airport,barcelona,1,41,a
airport-barcelona-1-41-b.wav,airport,barcelona,1,41,b
airport-barcelona-1-42-a.wav,airport,barcelona,1,42,a
airport-barcelona-1-43-a.wav,airport,barcelona,1,43,a
airport-barcelona-1-44-a.wav,airport,barcelona,1,44,a
airport-barcelona-1-45-a.wav,airport,barcelona,1,45,a
airport-barcelona-1-46-a.wav,airport,barcelona,1,46,a
airport-barcelona-1-47-a.wav,airport,barcelona,1,47,a
airport-barcelona-1-47-b.wav,airport,barcelona,1,47,b
airport-barcelona-1-47-s4.wav,airport,barcelona,1,47,s4
airport-barcelona-1-48-a.wav,airport,barcelona,1,48,a
airport-barcelona-1-49-a.wav,airport,barcelona,1,49,a
airport-barcelona-1-50-a.wav,airport,barcelona,1,50,a
airport-barcelona-1-51-a.wav,airport,barcelona,1,51,a
airport-barcelona-1-52-a.wav,airport,barcelona,1,52,a
airport-barcelona-1-53-a.wav,airport,barcelona,1,53,a
airport-barcelona-1-54-a.wav,airport,barcelona,1,54,a
airport-barcelona-1-55-a.wav,airport,barcelona,1,55,a
airport-barcelona-1-56-a.wav,airport,barcelona,1,56,a
airport-barcelona-1-57-a.wav,airport,barcelona,1,57,a
airport-barcelona-1-57-s2.wav,airport,barcelona,1,57,s2
airport-barcelona-1-58-a.wav,airport,barcelona,1,58,a
airport-barcelona-1-59-a.wav,airport,barcelona,1,59,a
airport-barcelona-1-60-a.wav,airport,barcelona,1,60,a
airport-barcelona-1-61-a.wav,airport,barcelona,1,61,a
airport-barcelona-1-61-b.wav,airport,barcelona,1,61,b
airport-barcelona-1-62-a.wav,airport,barcelona,1,62,a
airport-barcelona-1-62-s4.wav,airport,barcelona,1,62,s4
airport-barcelona-1-63-a.wav,airport,barcelona,1,63,a
airport-barcelona-1-64-a.wav,airport,barcelona,1,64,a
airport-barcelona-1-65-a.wav,airport,barcelona,1,65,a
airport-barcelona-1-65-s2.wav,airport,barcelona,1,65,s2
airport-barcelona-1-66-a.wav,airport,barcelona,1,66,a
airport-barcelona-1-67-a.wav,airport,barcelona,1,67,a
airport-barcelona-1-67-b.wav,airport,barcelona,1,67,b
airport-barcelona-1-67-s1.wav,airport,barcelona,1,67,s1
airport-barcelona-1-68-a.wav,airport,barcelona,1,68,a
airport-barcelona-1-69-a.wav,airport,barcelona,1,69,a
airport-barcelona-1-70-a.wav,airport,barcelona,1,70,a
airport-barcelona-1-71-a.wav,airport,barcelona,1,71,a
airport-barcelona-1-71-b.wav,airport,barcelona,1,71,b
airport-barcelona-1-72-a.wav,airport,barcelona,1,72,a
airport-barcelona-1-72-b.wav,airport,barcelona,1,72,b
airport-barcelona-1-72-s3.wav,airport,barcelona,1,72,s3
airport-barcelona-1-73-a.wav,airport,barcelona,1,73,a
airport-barcelona-1-73-s6.wav,airport,barcelona,1,73,s6
airport-barcelona-1-74-a.wav,airport,barcelona,1,74,a
airport-barcelona-1-75-a.wav,airport,barcelona,1,75,a
airport-barcelona-1-75-s5.wav,airport,barcelona,1,75,s5
airport-barcelona-1-76-a.wav,airport,barcelona,1,76,a
airport-barcelona-1-76-c.wav,airport,barcelona,1,76,c
airport-barcelona-1-77-a.wav,airport,barcelona,1,77,a
airport-barcelona-1-77-s3.wav,airport,barcelona,1,77,s3
airport-barcelona-1-77-s4.wav,airport,barcelona,1,77,s4
airport-barcelona-1-78-a.wav,airport,barcelona,1,78,a
airport-barcelona-1-79-a.wav,airport,barcelona,1,79,a
airport-barcelona-1-79-s6.wav,airport,barcelona,1,79,s6
airport-barcelona-1-80-a.wav,airport,barcelona,1,80,a
airport-barcelona-1-81-a.wav,airport,barcelona,1,81,a
airport-barcelona-1-81-c.wav,airport,barcelona,1,81,c
airport-barcelona-1-82-a.wav,airport,barcelona,1,82,a
airport-barcelona-1-83-a.wav,airport,barcelona,1,83,a
airport-barcelona-1-84-a.wav,airport,barcelona,1,84,a
airport-barcelona-1-84-s2.wav,airport,barcelona,1,84,s2
airport-barcelona-1-84-s3.wav,airport,barcelona,1,84,s3
airport-barcelona-1-84-s4.wav,airport,barcelona,1,84,s4
airport-barcelona-1-85-a.wav,airport,barcelona,1,85,a
airport-barcelona-1-85-s1.wav,airport,barcelona,1,85,s1
airport-barcelona-1-86-a.wav,airport,barcelona,1,86,a
airport-barcelona-1-86-s2.wav,airport,barcelona,1,86,s2
airport-barcelona-1-87-a.wav,airport,barcelona,1,87,a
airport-barcelona-1-87-s5.wav,airport,barcelona,1,87,s5
airport-barcelona-1-88-a.wav,airport,barcelona,1,88,a
airport-barcelona-1-89-a.wav,airport,barcelona,1,89,a
airport-barcelona-1-90-a.wav,airport,barcelona,1,90,a
airport-barcelona-1-90-s5.wav,airport,barcelona,1,90,s5
airport-barcelona-1-91-a.wav,airport,barcelona,1,91,a
airport-barcelona-1-91-b.wav,airport,barcelona,1,91,b
airport-barcelona-1-92-a.wav,airport,barcelona,1,92,a
airport-barcelona-1-93-a.wav,airport,barcelona,1,93,a
airport-barcelona-1-94-a.wav,airport,barcelona,1,94,a
airport-barcelona-1-95-a.wav,airport,barcelona,1,95,a
airport-barcelona-1-95-s1.wav,airport,barcelona,1,95,s1
airport-barcelona-1-96-a.wav,airport,barcelona,1,96,a
airport-barcelona-1-96-s2.wav,airport,barcelona,1,96,s2
airport-barcelona-1-96-s6.wav,airport,barcelona,1,96,s6
airport-barcelona-2-100-a.wav,airport,barcelona,2,100,a
airport-barcelona-2-101-a.wav,airport,barcelona,2,101,a
airport-barcelona-2-101-s3.wav,airport,barcelona,2,101,s3
airport-barcelona-2-102-a.wav,airport,barcelona,2,102,a
airport-barcelona-2-102-c.wav,airport,barcelona,2,102,c
airport-barcelona-2-102-s6.wav,airport,barcelona,2,102,s6
airport-barcelona-2-103-a.wav,airport,barcelona,2,103,a
airport-barcelona-2-103-s3.wav,airport,barcelona,2,103,s3
airport-barcelona-2-104-a.wav,airport,barcelona,2,104,a
airport-barcelona-2-105-a.wav,airport,barcelona,2,105,a
airport-barcelona-2-106-a.wav,airport,barcelona,2,106,a
airport-barcelona-2-107-a.wav,airport,barcelona,2,107,a
airport-barcelona-2-108-a.wav,airport,barcelona,2,108,a
airport-barcelona-2-108-s1.wav,airport,barcelona,2,108,s1
airport-barcelona-2-109-a.wav,airport,barcelona,2,109,a
airport-barcelona-2-109-b.wav,airport,barcelona,2,109,b
airport-barcelona-2-109-c.wav,airport,barcelona,2,109,c
airport-barcelona-2-109-s1.wav,airport,barcelona,2,109,s1
airport-barcelona-2-110-a.wav,airport,barcelona,2,110,a
airport-barcelona-2-111-a.wav,airport,barcelona,2,111,a
airport-barcelona-2-111-s5.wav,airport,barcelona,2,111,s5
airport-barcelona-2-97-a.wav,airport,barcelona,2,97,a
airport-barcelona-2-97-s6.wav,airport,barcelona,2,97,s6
airport-barcelona-2-98-a.wav,airport,barcelona,2,98,a
airport-barcelona-2-99-a.wav,airport,barcelona,2,99,a
airport-barcelona-2-99-s3.wav,airport,barcelona,2,99,s3
airport-barcelona-203-6122-a.wav,airport,barcelona,203,6122,a
airport-barcelona-203-6122-b.wav,airport,barcelona,203,6122,b
airport-barcelona-203-6122-s1.wav,airport,barcelona,203,6122,s1
airport-barcelona-203-6122-s2.wav,airport,barcelona,203,6122,s2
airport-barcelona-203-6122-s4.wav,airport,barcelona,203,6122,s4
airport-barcelona-203-6122-s6.wav,airport,barcelona,203,6122,s6
airport-barcelona-203-6123-a.wav,airport,barcelona,203,6123,a
airport-barcelona-203-6124-a.wav,airport,barcelona,203,6124,a
airport-barcelona-203-6125-a.wav,airport,barcelona,203,6125,a
airport-barcelona-203-6125-s3.wav,airport,barcelona,203,6125,s3
airport-barcelona-203-6125-s4.wav,airport,barcelona,203,6125,s4
airport-barcelona-203-6126-a.wav,airport,barcelona,203,6126,a
airport-barcelona-203-6126-s2.wav,airport,barcelona,203,6126,s2
airport-barcelona-203-6126-s4.wav,airport,barcelona,203,6126,s4
airport-barcelona-203-6127-a.wav,airport,barcelona,203,6127,a
airport-barcelona-203-6128-a.wav,airport,barcelona,203,6128,a
airport-barcelona-203-6129-a.wav,airport,barcelona,203,6129,a
airport-barcelona-203-6130-a.wav,airport,barcelona,203,6130,a
airport-barcelona-203-6130-b.wav,airport,barcelona,203,6130,b
airport-barcelona-203-6130-s1.wav,airport,barcelona,203,6130,s1
airport-barcelona-203-6131-a.wav,airport,barcelona,203,6131,a
airport-barcelona-203-6131-b.wav,airport,barcelona,203,6131,b
airport-barcelona-203-6131-c.wav,airport,barcelona,203,6131,c
airport-barcelona-203-6131-s6.wav,airport,barcelona,203,6131,s6
airport-barcelona-203-6132-a.wav,airport,barcelona,203,6132,a
airport-barcelona-203-6132-s1.wav,airport,barcelona,203,6132,s1
airport-barcelona-203-6132-s3.wav,airport,barcelona,203,6132,s3
airport-barcelona-203-6132-s5.wav,airport,barcelona,203,6132,s5
airport-barcelona-203-6132-s6.wav,airport,barcelona,203,6132,s6
airport-barcelona-203-6133-a.wav,airport,barcelona,203,6133,a
airport-barcelona-203-6134-a.wav,airport,barcelona,203,6134,a
airport-barcelona-203-6134-c.wav,airport,barcelona,203,6134,c
airport-barcelona-203-6134-s3.wav,airport,barcelona,203,6134,s3
airport-barcelona-203-6134-s5.wav,airport,barcelona,203,6134,s5
airport-barcelona-203-6134-s6.wav,airport,barcelona,203,6134,s6
airport-barcelona-203-6135-a.wav,airport,barcelona,203,6135,a
airport-barcelona-203-6135-c.wav,airport,barcelona,203,6135,c
airport-barcelona-203-6135-s1.wav,airport,barcelona,203,6135,s1
airport-barcelona-203-6135-s2.wav,airport,barcelona,203,6135,s2
airport-barcelona-203-6135-s4.wav,airport,barcelona,203,6135,s4
airport-barcelona-203-6136-a.wav,airport,barcelona,203,6136,a
airport-barcelona-203-6136-s2.wav,airport,barcelona,203,6136,s2
airport-barcelona-203-6136-s5.wav,airport,barcelona,203,6136,s5
airport-barcelona-203-6137-a.wav,airport,barcelona,203,6137,a
airport-barcelona-203-6137-c.wav,airport,barcelona,203,6137,c
airport-barcelona-203-6137-s3.wav,airport,barcelona,203,6137,s3
airport-barcelona-203-6137-s5.wav,airport,barcelona,203,6137,s5
airport-helsinki-204-6138-a.wav,airport,helsinki,204,6138,a
airport-helsinki-204-6138-s6.wav,airport,helsinki,204,6138,s6
airport-helsinki-204-6139-a.wav,airport,helsinki,204,6139,a
airport-helsinki-204-6140-a.wav,airport,helsinki,204,6140,a
airport-helsinki-204-6140-s3.wav,airport,helsinki,204,6140,s3
airport-helsinki-204-6141-a.wav,airport,helsinki,204,6141,a
airport-helsinki-204-6141-b.wav,airport,helsinki,204,6141,b
airport-helsinki-204-6142-a.wav,airport,helsinki,204,6142,a
airport-helsinki-204-6142-s3.wav,airport,helsinki,204,6142,s3
airport-helsinki-204-6143-a.wav,airport,helsinki,204,6143,a
airport-helsinki-204-6143-c.wav,airport,helsinki,204,6143,c
airport-helsinki-204-6143-s3.wav,airport,helsinki,204,6143,s3
airport-helsinki-204-6144-a.wav,airport,helsinki,204,6144,a
airport-helsinki-204-6145-a.wav,airport,helsinki,204,6145,a
airport-helsinki-204-6145-s5.wav,airport,helsinki,204,6145,s5
airport-helsinki-204-6146-a.wav,airport,helsinki,204,6146,a
airport-helsinki-204-6147-a.wav,airport,helsinki,204,6147,a
airport-helsinki-204-6148-a.wav,airport,helsinki,204,6148,a
airport-helsinki-204-6148-b.wav,airport,helsinki,204,6148,b
airport-helsinki-204-6149-a.wav,airport,helsinki,204,6149,a
airport-helsinki-204-6149-c.wav,airport,helsinki,204,6149,c
airport-helsinki-204-6149-s5.wav,airport,helsinki,204,6149,s5
airport-helsinki-204-6150-a.wav,airport,helsinki,204,6150,a
airport-helsinki-204-6150-s2.wav,airport,helsinki,204,6150,s2
airport-helsinki-204-6150-s3.wav,airport,helsinki,204,6150,s3
airport-helsinki-204-6151-a.wav,airport,helsinki,204,6151,a
airport-helsinki-204-6151-s2.wav,airport,helsinki,204,6151,s2
airport-helsinki-204-6152-a.wav,airport,helsinki,204,6152,a
airport-helsinki-204-6153-a.wav,airport,helsinki,204,6153,a
airport-helsinki-204-6154-a.wav,airport,helsinki,204,6154,a
airport-helsinki-204-6155-a.wav,airport,helsinki,204,6155,a
airport-helsinki-204-6155-c.wav,airport,helsinki,204,6155,c
airport-helsinki-204-6156-a.wav,airport,helsinki,204,6156,a
airport-helsinki-204-6157-a.wav,airport,helsinki,204,6157,a
airport-helsinki-204-6157-s5.wav,airport,helsinki,204,6157,s5
airport-helsinki-204-6158-a.wav,airport,helsinki,204,6158,a
airport-helsinki-204-6159-a.wav,airport,helsinki,204,6159,a
airport-helsinki-204-6159-b.wav,airport,helsinki,204,6159,b
airport-helsinki-204-6160-a.wav,airport,helsinki,204,6160,a
airport-helsinki-204-6160-b.wav,airport,helsinki,204,6160,b
airport-helsinki-204-6160-s6.wav,airport,helsinki,204,6160,s6
airport-helsinki-204-6161-a.wav,airport,helsinki,204,6161,a
airport-helsinki-204-6162-a.wav,airport,helsinki,204,6162,a
airport-helsinki-204-6163-a.wav,airport,helsinki,204,6163,a
airport-helsinki-204-6163-c.wav,airport,helsinki,204,6163,c
airport-helsinki-204-6163-s1.wav,airport,helsinki,204,6163,s1
airport-helsinki-204-6163-s4.wav,airport,helsinki,204,6163,s4
airport-helsinki-204-6164-a.wav,airport,helsinki,204,6164,a
airport-helsinki-204-6165-a.wav,airport,helsinki,204,6165,a
airport-helsinki-204-6166-a.wav,airport,helsinki,204,6166,a
airport-helsinki-204-6166-s1.wav,airport,helsinki,204,6166,s1
airport-helsinki-204-6166-s6.wav,airport,helsinki,204,6166,s6
airport-helsinki-204-6167-a.wav,airport,helsinki,204,6167,a
airport-helsinki-204-6167-s1.wav,airport,helsinki,204,6167,s1
airport-helsinki-204-6167-s2.wav,airport,helsinki,204,6167,s2
airport-helsinki-204-6167-s5.wav,airport,helsinki,204,6167,s5
airport-helsinki-204-6167-s6.wav,airport,helsinki,204,6167,s6
airport-helsinki-204-6168-a.wav,airport,helsinki,204,6168,a
airport-helsinki-204-6169-a.wav,airport,helsinki,204,6169,a
airport-helsinki-204-6169-s1.wav,airport,helsinki,204,6169,s1
airport-helsinki-204-6170-a.wav,airport,helsinki,204,6170,a
airport-helsinki-204-6171-a.wav,airport,helsinki,204,6171,a
airport-helsinki-204-6172-a.wav,airport,helsinki,204,6172,a
airport-helsinki-204-6172-s4.wav,airport,helsinki,204,6172,s4
airport-helsinki-204-6173-a.wav,airport,helsinki,204,6173,a
airport-helsinki-204-6173-s2.wav,airport,helsinki,204,6173,s2
airport-helsinki-204-6174-a.wav,airport,helsinki,204,6174,a
airport-helsinki-204-6174-s4.wav,airport,helsinki,204,6174,s4
airport-helsinki-204-6175-a.wav,airport,helsinki,204,6175,a
airport-helsinki-204-6176-a.wav,airport,helsinki,204,6176,a
airport-helsinki-204-6177-a.wav,airport,helsinki,204,6177,a
airport-helsinki-204-6177-s4.wav,airport,helsinki,204,6177,s4
airport-helsinki-3-112-a.wav,airport,helsinki,3,112,a
airport-helsinki-3-113-a.wav,airport,helsinki,3,113,a
airport-helsinki-3-114-a.wav,airport,helsinki,3,114,a
airport-helsinki-3-114-c.wav,airport,helsinki,3,114,c
airport-helsinki-3-114-s1.wav,airport,helsinki,3,114,s1
airport-helsinki-3-115-a.wav,airport,helsinki,3,115,a
airport-helsinki-3-116-a.wav,airport,helsinki,3,116,a
airport-helsinki-3-117-a.wav,airport,helsinki,3,117,a
airport-helsinki-3-118-a.wav,airport,helsinki,3,118,a
airport-helsinki-3-119-a.wav,airport,helsinki,3,119,a
airport-helsinki-3-119-s4.wav,airport,helsinki,3,119,s4
airport-helsinki-3-120-a.wav,airport,helsinki,3,120,a
airport-helsinki-3-120-s2.wav,airport,helsinki,3,120,s2
airport-helsinki-3-120-s6.wav,airport,helsinki,3,120,s6
airport-helsinki-3-121-a.wav,airport,helsinki,3,121,a
airport-helsinki-3-121-s3.wav,airport,helsinki,3,121,s3
airport-helsinki-3-122-a.wav,airport,helsinki,3,122,a
airport-helsinki-3-123-a.wav,airport,helsinki,3,123,a
airport-helsinki-3-123-s2.wav,airport,helsinki,3,123,s2
airport-helsinki-3-124-a.wav,airport,helsinki,3,124,a
airport-helsinki-3-125-a.wav,airport,helsinki,3,125,a
airport-helsinki-3-125-s3.wav,airport,helsinki,3,125,s3
airport-helsinki-3-126-a.wav,airport,helsinki,3,126,a
airport-helsinki-3-127-a.wav,airport,helsinki,3,127,a
airport-helsinki-3-128-a.wav,airport,helsinki,3,128,a
airport-helsinki-3-129-a.wav,airport,helsinki,3,129,a
airport-helsinki-3-129-s3.wav,airport,helsinki,3,129,s3
airport-helsinki-3-129-s4.wav,airport,helsinki,3,129,s4
airport-helsinki-3-130-a.wav,airport,helsinki,3,130,a
airport-helsinki-3-131-a.wav,airport,helsinki,3,131,a
airport-helsinki-3-132-a.wav,airport,helsinki,3,132,a
airport-helsinki-3-133-a.wav,airport,helsinki,3,133,a
airport-helsinki-3-133-s1.wav,airport,helsinki,3,133,s1
airport-helsinki-3-134-a.wav,airport,helsinki,3,134,a
airport-helsinki-3-135-a.wav,airport,helsinki,3,135,a
airport-helsinki-3-135-s5.wav,airport,helsinki,3,135,s5
airport-helsinki-3-136-a.wav,airport,helsinki,3,136,a
airport-helsinki-3-137-a.wav,airport,helsinki,3,137,a
airport-helsinki-3-138-a.wav,airport,helsinki,3,138,a
airport-helsinki-3-138-c.wav,airport,helsinki,3,138,c
airport-helsinki-3-139-a.wav,airport,helsinki,3,139,a
airport-helsinki-3-140-a.wav,airport,helsinki,3,140,a
airport-helsinki-3-140-s4.wav,airport,helsinki,3,140,s4
airport-helsinki-3-141-a.wav,airport,helsinki,3,141,a
airport-helsinki-3-142-a.wav,airport,helsinki,3,142,a
airport-helsinki-3-143-a.wav,airport,helsinki,3,143,a
airport-helsinki-3-144-a.wav,airport,helsinki,3,144,a
airport-helsinki-3-145-a.wav,airport,helsinki,3,145,a
airport-helsinki-3-146-a.wav,airport,helsinki,3,146,a
airport-helsinki-3-147-a.wav,airport,helsinki,3,147,a
airport-helsinki-3-147-b.wav,airport,helsinki,3,147,b
airport-helsinki-3-147-s2.wav,airport,helsinki,3,147,s2
airport-helsinki-3-148-a.wav,airport,helsinki,3,148,a
airport-helsinki-3-148-s1.wav,airport,helsinki,3,148,s1
airport-helsinki-3-149-a.wav,airport,helsinki,3,149,a
airport-helsinki-3-149-c.wav,airport,helsinki,3,149,c
airport-helsinki-3-150-a.wav,airport,helsinki,3,150,a
airport-helsinki-3-150-s6.wav,airport,helsinki,3,150,s6
airport-helsinki-3-151-a.wav,airport,helsinki,3,151,a
airport-helsinki-3-151-s2.wav,airport,helsinki,3,151,s2
airport-helsinki-3-151-s4.wav,airport,helsinki,3,151,s4
airport-helsinki-3-152-a.wav,airport,helsinki,3,152,a
airport-helsinki-3-152-s4.wav,airport,helsinki,3,152,s4
airport-helsinki-3-153-a.wav,airport,helsinki,3,153,a
airport-helsinki-3-154-a.wav,airport,helsinki,3,154,a
airport-helsinki-3-154-c.wav,airport,helsinki,3,154,c
airport-helsinki-3-155-a.wav,airport,helsinki,3,155,a
airport-helsinki-3-155-s4.wav,airport,helsinki,3,155,s4
airport-helsinki-3-156-a.wav,airport,helsinki,3,156,a
airport-helsinki-3-156-s4.wav,airport,helsinki,3,156,s4
airport-helsinki-3-157-a.wav,airport,helsinki,3,157,a
airport-helsinki-3-157-s5.wav,airport,helsinki,3,157,s5
airport-helsinki-3-158-a.wav,airport,helsinki,3,158,a
airport-helsinki-3-159-a.wav,airport,helsinki,3,159,a
airport-helsinki-3-160-a.wav,airport,helsinki,3,160,a
airport-helsinki-3-160-s2.wav,airport,helsinki,3,160,s2
airport-helsinki-3-161-a.wav,airport,helsinki,3,161,a
airport-helsinki-3-161-s6.wav,airport,helsinki,3,161,s6
airport-helsinki-3-162-a.wav,airport,helsinki,3,162,a
airport-helsinki-3-163-a.wav,airport,helsinki,3,163,a
airport-helsinki-3-164-a.wav,airport,helsinki,3,164,a
airport-helsinki-3-164-b.wav,airport,helsinki,3,164,b
airport-helsinki-3-165-a.wav,airport,helsinki,3,165,a
airport-helsinki-3-165-s5.wav,airport,helsinki,3,165,s5
airport-helsinki-3-166-a.wav,airport,helsinki,3,166,a
airport-helsinki-3-167-a.wav,airport,helsinki,3,167,a
airport-helsinki-3-167-b.wav,airport,helsinki,3,167,b
airport-helsinki-3-168-a.wav,airport,helsinki,3,168,a
airport-helsinki-3-168-b.wav,airport,helsinki,3,168,b
airport-helsinki-4-169-a.wav,airport,helsinki,4,169,a
airport-helsinki-4-169-s1.wav,airport,helsinki,4,169,s1
airport-helsinki-4-170-a.wav,airport,helsinki,4,170,a
airport-helsinki-4-170-c.wav,airport,helsinki,4,170,c
airport-helsinki-4-171-a.wav,airport,helsinki,4,171,a
airport-helsinki-4-172-a.wav,airport,helsinki,4,172,a
airport-helsinki-4-173-a.wav,airport,helsinki,4,173,a
airport-helsinki-4-174-a.wav,airport,helsinki,4,174,a
airport-helsinki-4-174-s5.wav,airport,helsinki,4,174,s5
airport-helsinki-4-175-a.wav,airport,helsinki,4,175,a
airport-helsinki-4-175-s3.wav,airport,helsinki,4,175,s3
airport-helsinki-4-176-a.wav,airport,helsinki,4,176,a
airport-helsinki-4-177-a.wav,airport,helsinki,4,177,a
airport-helsinki-4-178-a.wav,airport,helsinki,4,178,a
airport-helsinki-4-178-c.wav,airport,helsinki,4,178,c
airport-helsinki-4-179-a.wav,airport,helsinki,4,179,a
airport-helsinki-4-180-a.wav,airport,helsinki,4,180,a
airport-helsinki-4-181-a.wav,airport,helsinki,4,181,a
airport-helsinki-4-182-a.wav,airport,helsinki,4,182,a
airport-helsinki-4-183-a.wav,airport,helsinki,4,183,a
airport-helsinki-4-183-b.wav,airport,helsinki,4,183,b
airport-helsinki-4-183-s1.wav,airport,helsinki,4,183,s1
airport-helsinki-4-184-a.wav,airport,helsinki,4,184,a
airport-helsinki-4-185-a.wav,airport,helsinki,4,185,a
airport-helsinki-4-186-a.wav,airport,helsinki,4,186,a
airport-helsinki-4-186-s3.wav,airport,helsinki,4,186,s3
airport-helsinki-4-187-a.wav,airport,helsinki,4,187,a
airport-helsinki-4-188-a.wav,airport,helsinki,4,188,a
airport-helsinki-4-188-c.wav,airport,helsinki,4,188,c
airport-helsinki-4-189-a.wav,airport,helsinki,4,189,a
airport-helsinki-4-190-a.wav,airport,helsinki,4,190,a
airport-helsinki-4-190-s1.wav,airport,helsinki,4,190,s1
airport-helsinki-4-190-s6.wav,airport,helsinki,4,190,s6
airport-helsinki-4-191-a.wav,airport,helsinki,4,191,a
airport-helsinki-4-191-s1.wav,airport,helsinki,4,191,s1
airport-helsinki-4-192-a.wav,airport,helsinki,4,192,a
airport-helsinki-4-193-a.wav,airport,helsinki,4,193,a
airport-helsinki-4-193-s6.wav,airport,helsinki,4,193,s6
airport-helsinki-4-194-a.wav,airport,helsinki,4,194,a
airport-helsinki-4-195-a.wav,airport,helsinki,4,195,a
airport-helsinki-4-196-a.wav,airport,helsinki,4,196,a
airport-helsinki-4-196-b.wav,airport,helsinki,4,196,b
airport-helsinki-4-197-a.wav,airport,helsinki,4,197,a
airport-helsinki-4-197-s3.wav,airport,helsinki,4,197,s3
airport-helsinki-4-198-a.wav,airport,helsinki,4,198,a
airport-helsinki-4-199-a.wav,airport,helsinki,4,199,a
airport-helsinki-4-200-a.wav,airport,helsinki,4,200,a
airport-helsinki-4-200-s2.wav,airport,helsinki,4,200,s2
airport-helsinki-4-200-s6.wav,airport,helsinki,4,200,s6
airport-helsinki-4-201-a.wav,airport,helsinki,4,201,a
airport-helsinki-4-201-s5.wav,airport,helsinki,4,201,s5
airport-helsinki-4-202-a.wav,airport,helsinki,4,202,a
airport-helsinki-4-202-s4.wav,airport,helsinki,4,202,s4
airport-helsinki-4-202-s5.wav,airport,helsinki,4,202,s5
airport-helsinki-4-203-a.wav,airport,helsinki,4,203,a
airport-helsinki-4-204-a.wav,airport,helsinki,4,204,a
airport-helsinki-4-205-a.wav,airport,helsinki,4,205,a
airport-helsinki-4-206-a.wav,airport,helsinki,4,206,a
airport-helsinki-4-206-c.wav,airport,helsinki,4,206,c
airport-helsinki-4-207-a.wav,airport,helsinki,4,207,a
airport-helsinki-4-208-a.wav,airport,helsinki,4,208,a
airport-helsinki-4-209-a.wav,airport,helsinki,4,209,a
airport-helsinki-4-209-s5.wav,airport,helsinki,4,209,s5
airport-helsinki-4-210-a.wav,airport,helsinki,4,210,a
airport-helsinki-4-211-a.wav,airport,helsinki,4,211,a
airport-helsinki-4-211-s3.wav,airport,helsinki,4,211,s3
airport-helsinki-4-211-s6.wav,airport,helsinki,4,211,s6
airport-helsinki-4-212-a.wav,airport,helsinki,4,212,a
airport-helsinki-4-213-a.wav,airport,helsinki,4,213,a
airport-helsinki-4-214-a.wav,airport,helsinki,4,214,a
airport-helsinki-4-215-a.wav,airport,helsinki,4,215,a
airport-helsinki-4-215-s2.wav,airport,helsinki,4,215,s2
airport-helsinki-4-216-a.wav,airport,helsinki,4,216,a
airport-helsinki-4-216-s2.wav,airport,helsinki,4,216,s2
airport-helsinki-4-216-s5.wav,airport,helsinki,4,216,s5
airport-helsinki-4-217-a.wav,airport,helsinki,4,217,a
airport-helsinki-4-217-s6.wav,airport,helsinki,4,217,s6
airport-helsinki-4-218-a.wav,airport,helsinki,4,218,a
airport-helsinki-4-219-a.wav,airport,helsinki,4,219,a
airport-helsinki-4-219-b.wav,airport,helsinki,4,219,b
airport-helsinki-4-219-s1.wav,airport,helsinki,4,219,s1
airport-helsinki-4-219-s3.wav,airport,helsinki,4,219,s3
airport-helsinki-4-220-a.wav,airport,helsinki,4,220,a
airport-helsinki-4-220-b.wav,airport,helsinki,4,220,b
airport-lisbon-1000-40000-a.wav,airport,lisbon,1000,40000,a
airport-lisbon-1000-40000-s3.wav,airport,lisbon,1000,40000,s3
airport-lisbon-1000-40000-s5.wav,airport,lisbon,1000,40000,s5
airport-lisbon-1000-40073-a.wav,airport,lisbon,1000,40073,a
airport-lisbon-1000-40073-s2.wav,airport,lisbon,1000,40073,s2
airport-lisbon-1000-40242-a.wav,airport,lisbon,1000,40242,a
airport-lisbon-1000-40242-s4.wav,airport,lisbon,1000,40242,s4
airport-lisbon-1000-40280-a.wav,airport,lisbon,1000,40280,a
airport-lisbon-1000-40329-a.wav,airport,lisbon,1000,40329,a
airport-lisbon-1000-40329-s2.wav,airport,lisbon,1000,40329,s2
airport-lisbon-1000-40342-a.wav,airport,lisbon,1000,40342,a
airport-lisbon-1000-40463-a.wav,airport,lisbon,1000,40463,a
airport-lisbon-1000-40463-s1.wav,airport,lisbon,1000,40463,s1
airport-lisbon-1000-40463-s5.wav,airport,lisbon,1000,40463,s5
airport-lisbon-1000-40528-a.wav,airport,lisbon,1000,40528,a
airport-lisbon-1000-40643-a.wav,airport,lisbon,1000,40643,a
airport-lisbon-1000-40647-a.wav,airport,lisbon,1000,40647,a
airport-lisbon-1000-40849-a.wav,airport,lisbon,1000,40849,a
airport-lisbon-1000-40849-s5.wav,airport,lisbon,1000,40849,s5
airport-lisbon-1000-40849-s6.wav,airport,lisbon,1000,40849,s6
airport-lisbon-1000-41194-a.wav,airport,lisbon,1000,41194,a
airport-lisbon-1000-41194-b.wav,airport,lisbon,1000,41194,b
airport-lisbon-1000-41194-c.wav,airport,lisbon,1000,41194,c
airport-lisbon-1000-41194-s5.wav,airport,lisbon,1000,41194,s5
airport-lisbon-1000-41312-a.wav,airport,lisbon,1000,41312,a
airport-lisbon-1000-41312-s4.wav,airport,lisbon,1000,41312,s4
airport-lisbon-1000-41323-a.wav,airport,lisbon,1000,41323,a
airport-lisbon-1000-41323-s2.wav,airport,lisbon,1000,41323,s2
airport-lisbon-1000-41411-a.wav,airport,lisbon,1000,41411,a
airport-lisbon-1000-41411-s3.wav,airport,lisbon,1000,41411,s3
airport-lisbon-1000-41635-a.wav,airport,lisbon,1000,41635,a
airport-lisbon-1000-41698-a.wav,airport,lisbon,1000,41698,a
airport-lisbon-1000-41698-s6.wav,airport,lisbon,1000,41698,s6
airport-lisbon-1000-41706-a.wav,airport,lisbon,1000,41706,a
airport-lisbon-1000-41735-a.wav,airport,lisbon,1000,41735,a
airport-lisbon-1000-41735-c.wav,airport,lisbon,1000,41735,c
airport-lisbon-1000-41994-a.wav,airport,lisbon,1000,41994,a
airport-lisbon-1000-42196-a.wav,airport,lisbon,1000,42196,a
airport-lisbon-1000-42196-c.wav,airport,lisbon,1000,42196,c
airport-lisbon-1000-42196-s4.wav,airport,lisbon,1000,42196,s4
airport-lisbon-1000-42274-a.wav,airport,lisbon,1000,42274,a
airport-lisbon-1000-42274-s4.wav,airport,lisbon,1000,42274,s4
airport-lisbon-1000-42274-s6.wav,airport,lisbon,1000,42274,s6
airport-lisbon-1000-42406-a.wav,airport,lisbon,1000,42406,a
airport-lisbon-1000-42416-a.wav,airport,lisbon,1000,42416,a
airport-lisbon-1000-42416-s4.wav,airport,lisbon,1000,42416,s4
airport-lisbon-1000-42611-a.wav,airport,lisbon,1000,42611,a
airport-lisbon-1000-42727-a.wav,airport,lisbon,1000,42727,a
airport-lisbon-1000-42860-a.wav,airport,lisbon,1000,42860,a
airport-lisbon-1000-42898-a.wav,airport,lisbon,1000,42898,a
airport-lisbon-1000-42902-a.wav,airport,lisbon,1000,42902,a
airport-lisbon-1000-42904-a.wav,airport,lisbon,1000,42904,a
airport-lisbon-1000-43069-a.wav,airport,lisbon,1000,43069,a
airport-lisbon-1000-43327-a.wav,airport,lisbon,1000,43327,a
airport-lisbon-1000-43327-c.wav,airport,lisbon,1000,43327,c
airport-lisbon-1000-43430-a.wav,airport,lisbon,1000,43430,a
airport-lisbon-1000-43679-a.wav,airport,lisbon,1000,43679,a
airport-lisbon-1000-43679-s1.wav,airport,lisbon,1000,43679,s1
airport-lisbon-1000-43679-s4.wav,airport,lisbon,1000,43679,s4
airport-lisbon-1000-43865-a.wav,airport,lisbon,1000,43865,a
airport-lisbon-1000-44083-a.wav,airport,lisbon,1000,44083,a
airport-lisbon-1000-44083-s2.wav,airport,lisbon,1000,44083,s2
airport-lisbon-1114-40213-a.wav,airport,lisbon,1114,40213,a
airport-lisbon-1114-40219-a.wav,airport,lisbon,1114,40219,a
airport-lisbon-1114-40411-a.wav,airport,lisbon,1114,40411,a
airport-lisbon-1114-40411-s1.wav,airport,lisbon,1114,40411,s1
airport-lisbon-1114-40411-s3.wav,airport,lisbon,1114,40411,s3
airport-lisbon-1114-40495-a.wav,airport,lisbon,1114,40495,a
airport-lisbon-1114-40495-s3.wav,airport,lisbon,1114,40495,s3
airport-lisbon-1114-40725-a.wav,airport,lisbon,1114,40725,a
airport-lisbon-1114-40796-a.wav,airport,lisbon,1114,40796,a
airport-lisbon-1114-40861-a.wav,airport,lisbon,1114,40861,a
airport-lisbon-1114-40861-s4.wav,airport,lisbon,1114,40861,s4
airport-lisbon-1114-40895-a.wav,airport,lisbon,1114,40895,a
airport-lisbon-1114-40895-s2.wav,airport,lisbon,1114,40895,s2
airport-lisbon-1114-40895-s3.wav,airport,lisbon,1114,40895,s3
airport-lisbon-1114-41138-a.wav,airport,lisbon,1114,41138,a
airport-lisbon-1114-41409-a.wav,airport,lisbon,1114,41409,a
airport-lisbon-1114-41409-s1.wav,airport,lisbon,1114,41409,s1
airport-lisbon-1114-41467-a.wav,airport,lisbon,1114,41467,a
airport-lisbon-1114-41503-a.wav,airport,lisbon,1114,41503,a
airport-lisbon-1114-41658-a.wav,airport,lisbon,1114,41658,a
airport-lisbon-1114-41736-a.wav,airport,lisbon,1114,41736,a
airport-lisbon-1114-41743-a.wav,airport,lisbon,1114,41743,a
airport-lisbon-1114-42155-a.wav,airport,lisbon,1114,42155,a
airport-lisbon-1114-42155-c.wav,airport,lisbon,1114,42155,c
airport-lisbon-1114-42155-s3.wav,airport,lisbon,1114,42155,s3
airport-lisbon-1114-42155-s5.wav,airport,lisbon,1114,42155,s5
airport-lisbon-1114-42529-a.wav,airport,lisbon,1114,42529,a
airport-lisbon-1114-42529-s1.wav,airport,lisbon,1114,42529,s1
airport-lisbon-1114-42659-a.wav,airport,lisbon,1114,42659,a
airport-lisbon-1114-42659-s5.wav,airport,lisbon,1114,42659,s5
airport-lisbon-1114-42669-a.wav,airport,lisbon,1114,42669,a
airport-lisbon-1114-42669-b.wav,airport,lisbon,1114,42669,b
airport-lisbon-1114-42707-a.wav,airport,lisbon,1114,42707,a
airport-lisbon-1114-42711-a.wav,airport,lisbon,1114,42711,a
airport-lisbon-1114-42711-s5.wav,airport,lisbon,1114,42711,s5
airport-lisbon-1114-42954-a.wav,airport,lisbon,1114,42954,a
airport-lisbon-1114-42954-b.wav,airport,lisbon,1114,42954,b
airport-lisbon-1114-43022-a.wav,airport,lisbon,1114,43022,a
airport-lisbon-1114-43068-a.wav,airport,lisbon,1114,43068,a
airport-lisbon-1114-43120-a.wav,airport,lisbon,1114,43120,a
airport-lisbon-1114-43142-a.wav,airport,lisbon,1114,43142,a
airport-lisbon-1114-43142-s6.wav,airport,lisbon,1114,43142,s6
airport-lisbon-1114-43160-a.wav,airport,lisbon,1114,43160,a
airport-lisbon-1114-43181-a.wav,airport,lisbon,1114,43181,a
airport-lisbon-1114-43268-a.wav,airport,lisbon,1114,43268,a
airport-lisbon-1114-43635-a.wav,airport,lisbon,1114,43635,a
airport-lisbon-1114-43732-a.wav,airport,lisbon,1114,43732,a
airport-lisbon-1114-43788-a.wav,airport,lisbon,1114,43788,a
airport-lisbon-1114-43788-c.wav,airport,lisbon,1114,43788,c
airport-lisbon-1114-43793-a.wav,airport,lisbon,1114,43793,a
airport-lisbon-1114-43793-b.wav,airport,lisbon,1114,43793,b
airport-lisbon-1114-43793-s1.wav,airport,lisbon,1114,43793,s1
airport-lisbon-1114-43869-a.wav,airport,lisbon,1114,43869,a
airport-lisbon-1114-43900-a.wav,airport,lisbon,1114,43900,a
airport-lisbon-1114-44053-a.wav,airport,lisbon,1114,44053,a
airport-lisbon-1114-44053-s3.wav,airport,lisbon,1114,44053,s3
airport-lisbon-1122-40244-a.wav,airport,lisbon,1122,40244,a
airport-lisbon-1122-40326-a.wav,airport,lisbon,1122,40326,a
airport-lisbon-1122-40334-a.wav,airport,lisbon,1122,40334,a
airport-lisbon-1122-40344-a.wav,airport,lisbon,1122,40344,a
airport-lisbon-1122-40344-b.wav,airport,lisbon,1122,40344,b
airport-lisbon-1122-40344-s6.wav,airport,lisbon,1122,40344,s6
airport-lisbon-1122-40660-a.wav,airport,lisbon,1122,40660,a
airport-lisbon-1122-40819-a.wav,airport,lisbon,1122,40819,a
airport-lisbon-1122-40819-s2.wav,airport,lisbon,1122,40819,s2
airport-lisbon-1122-40819-s5.wav,airport,lisbon,1122,40819,s5
airport-lisbon-1122-40819-s6.wav,airport,lisbon,1122,40819,s6
airport-lisbon-1122-40888-a.wav,airport,lisbon,1122,40888,a
airport-lisbon-1122-40971-a.wav,airport,lisbon,1122,40971,a
airport-lisbon-1122-40992-a.wav,airport,lisbon,1122,40992,a
airport-lisbon-1122-41037-a.wav,airport,lisbon,1122,41037,a
airport-lisbon-1122-41037-s2.wav,airport,lisbon,1122,41037,s2
airport-lisbon-1122-41270-a.wav,airport,lisbon,1122,41270,a
airport-lisbon-1122-41270-s2.wav,airport,lisbon,1122,41270,s2
airport-lisbon-1122-41394-a.wav,airport,lisbon,1122,41394,a
airport-lisbon-1122-41394-b.wav,airport,lisbon,1122,41394,b
airport-lisbon-1122-41661-a.wav,airport,lisbon,1122,41661,a
airport-lisbon-1122-41837-a.wav,airport,lisbon,1122,41837,a
airport-lisbon-1122-41877-a.wav,airport,lisbon,1122,41877,a
airport-lisbon-1122-41877-c.wav,airport,lisbon,1122,41877,c
airport-lisbon-1122-41877-s1.wav,airport,lisbon,1122,41877,s1
airport-lisbon-1122-41917-a.wav,airport,lisbon,1122,41917,a
airport-lisbon-1122-42055-a.wav,airport,lisbon,1122,42055,a
airport-lisbon-1122-42055-s4.wav,airport,lisbon,1122,42055,s4
airport-lisbon-1122-42166-a.wav,airport,lisbon,1122,42166,a
airport-lisbon-1122-42212-a.wav,airport,lisbon,1122,42212,a
airport-lisbon-1122-42281-a.wav,airport,lisbon,1122,42281,a
airport-lisbon-1122-42582-a.wav,airport,lisbon,1122,42582,a
airport-lisbon-1122-42593-a.wav,airport,lisbon,1122,42593,a
airport-lisbon-1122-42768-a.wav,airport,lisbon,1122,42768,a
airport-lisbon-1122-42768-b.wav,airport,lisbon,1122,42768,b
airport-lisbon-1122-42956-a.wav,airport,lisbon,1122,42956,a
airport-lisbon-1122-42966-a.wav,airport,lisbon,1122,42966,a
airport-lisbon-1122-43015-a.wav,airport,lisbon,1122,43015,a
airport-lisbon-1122-43249-a.wav,airport,lisbon,1122,43249,a
airport-lisbon-1122-43249-c.wav,airport,lisbon,1122,43249,c
airport-lisbon-1122-43249-s1.wav,airport,lisbon,1122,43249,s1
airport-lisbon-1122-43249-s6.wav,airport,lisbon,1122,43249,s6
airport-lisbon-1122-43307-a.wav,airport,lisbon,1122,43307,a
airport-lisbon-1122-43364-a.wav,airport,lisbon,1122,43364,a
airport-lisbon-1122-43393-a.wav,airport,lisbon,1122,43393,a
airport-lisbon-1122-43567-a.wav,airport,lisbon,1122,43567,a
airport-lisbon-1122-43567-b.wav,airport,lisbon,1122,43567,b
airport-lisbon-1122-43685-a.wav,airport,lisbon,1122,43685,a
airport-lisbon-1122-43712-a.wav,airport,lisbon,1122,43712,a
airport-lisbon-1122-43741-a.wav,airport,lisbon,1122,43741,a
airport-lisbon-1122-43787-a.wav,airport,lisbon,1122,43787,a
airport-lisbon-1122-43880-a.wav,airport,lisbon,1122,43880,a
airport-lisbon-1122-43880-s3.wav,airport,lisbon,1122,43880,s3
airport-lisbon-1122-43880-s6.wav,airport,lisbon,1122,43880,s6
airport-lisbon-1175-44106-a.wav,airport,lisbon,1175,44106,a
airport-lisbon-1175-44106-c.wav,airport,lisbon,1175,44106,c
airport-lisbon-1175-44106-s5.wav,airport,lisbon,1175,44106,s5
airport-lisbon-1175-44186-a.wav,airport,lisbon,1175,44186,a
airport-lisbon-1175-44210-a.wav,airport,lisbon,1175,44210,a
airport-lisbon-1175-44210-c.wav,airport,lisbon,1175,44210,c
airport-lisbon-1175-44210-s4.wav,airport,lisbon,1175,44210,s4
airport-lisbon-1175-44233-a.wav,airport,lisbon,1175,44233,a
airport-lisbon-1175-44233-c.wav,airport,lisbon,1175,44233,c
airport-lisbon-1175-44296-a.wav,airport,lisbon,1175,44296,a
airport-lisbon-1175-44606-a.wav,airport,lisbon,1175,44606,a
airport-lisbon-1175-44606-s3.wav,airport,lisbon,1175,44606,s3
airport-lisbon-1175-44669-a.wav,airport,lisbon,1175,44669,a
airport-lisbon-1175-44669-b.wav,airport,lisbon,1175,44669,b
airport-lisbon-1175-44669-s2.wav,airport,lisbon,1175,44669,s2
airport-lisbon-1175-44669-s4.wav,airport,lisbon,1175,44669,s4
airport-lisbon-1175-44691-a.wav,airport,lisbon,1175,44691,a
airport-lisbon-1175-44691-s2.wav,airport,lisbon,1175,44691,s2
airport-lisbon-1175-44691-s6.wav,airport,lisbon,1175,44691,s6
airport-lisbon-1175-44700-a.wav,airport,lisbon,1175,44700,a
airport-lisbon-1175-44700-s1.wav,airport,lisbon,1175,44700,s1
airport-lisbon-1175-44702-a.wav,airport,lisbon,1175,44702,a
airport-lisbon-1175-44703-a.wav,airport,lisbon,1175,44703,a
airport-lisbon-1175-44703-s1.wav,airport,lisbon,1175,44703,s1
airport-lisbon-1175-44708-a.wav,airport,lisbon,1175,44708,a
airport-lisbon-1175-44791-a.wav,airport,lisbon,1175,44791,a
airport-lisbon-1175-44791-s3.wav,airport,lisbon,1175,44791,s3
airport-lisbon-1175-44791-s6.wav,airport,lisbon,1175,44791,s6
airport-lisbon-1175-44813-a.wav,airport,lisbon,1175,44813,a
airport-lisbon-1175-44864-a.wav,airport,lisbon,1175,44864,a
airport-lisbon-1175-44916-a.wav,airport,lisbon,1175,44916,a
airport-lisbon-1175-44916-b.wav,airport,lisbon,1175,44916,b
airport-lisbon-1175-44918-a.wav,airport,lisbon,1175,44918,a
airport-lisbon-1175-44918-s5.wav,airport,lisbon,1175,44918,s5
airport-lisbon-1175-45070-a.wav,airport,lisbon,1175,45070,a
airport-lisbon-1175-45070-c.wav,airport,lisbon,1175,45070,c
airport-lisbon-1175-45108-a.wav,airport,lisbon,1175,45108,a
airport-lisbon-1175-45126-a.wav,airport,lisbon,1175,45126,a
airport-lisbon-1175-45126-s2.wav,airport,lisbon,1175,45126,s2
airport-lisbon-1175-45127-a.wav,airport,lisbon,1175,45127,a
airport-lisbon-1175-45127-s1.wav,airport,lisbon,1175,45127,s1
airport-lisbon-1175-45213-a.wav,airport,lisbon,1175,45213,a
airport-lisbon-1175-45213-b.wav,airport,lisbon,1175,45213,b
airport-lisbon-1175-45300-a.wav,airport,lisbon,1175,45300,a
airport-lisbon-1175-45340-a.wav,airport,lisbon,1175,45340,a
airport-lisbon-1175-45340-s3.wav,airport,lisbon,1175,45340,s3
airport-lisbon-1175-45340-s6.wav,airport,lisbon,1175,45340,s6
airport-lisbon-1175-45350-a.wav,airport,lisbon,1175,45350,a
airport-lisbon-1175-45350-b.wav,airport,lisbon,1175,45350,b
airport-lisbon-1175-45351-a.wav,airport,lisbon,1175,45351,a
airport-lisbon-1175-45357-a.wav,airport,lisbon,1175,45357,a
airport-lisbon-1175-45357-s2.wav,airport,lisbon,1175,45357,s2
airport-lisbon-1175-45357-s4.wav,airport,lisbon,1175,45357,s4
airport-lisbon-1175-45357-s5.wav,airport,lisbon,1175,45357,s5
airport-lisbon-1175-45362-a.wav,airport,lisbon,1175,45362,a
airport-lisbon-1175-45362-s5.wav,airport,lisbon,1175,45362,s5
airport-lisbon-1175-45450-a.wav,airport,lisbon,1175,45450,a
airport-lisbon-1175-45451-a.wav,airport,lisbon,1175,45451,a
airport-lisbon-1175-45451-s1.wav,airport,lisbon,1175,45451,s1
airport-lisbon-1175-45451-s6.wav,airport,lisbon,1175,45451,s6
airport-lisbon-1175-45539-a.wav,airport,lisbon,1175,45539,a
airport-lisbon-1175-45585-a.wav,airport,lisbon,1175,45585,a
airport-lisbon-1175-45593-a.wav,airport,lisbon,1175,45593,a
airport-lisbon-1175-45692-a.wav,airport,lisbon,1175,45692,a
airport-lisbon-1175-45692-s3.wav,airport,lisbon,1175,45692,s3
airport-lisbon-1175-45707-a.wav,airport,lisbon,1175,45707,a
airport-lisbon-1175-45732-a.wav,airport,lisbon,1175,45732,a
airport-lisbon-1175-45732-s4.wav,airport,lisbon,1175,45732,s4
airport-london-205-6178-a.wav,airport,london,205,6178,a
airport-london-205-6178-s1.wav,airport,london,205,6178,s1
airport-london-205-6179-a.wav,airport,london,205,6179,a
airport-london-205-6180-a.wav,airport,london,205,6180,a
airport-london-205-6181-a.wav,airport,london,205,6181,a
airport-london-205-6182-a.wav,airport,london,205,6182,a
airport-london-205-6183-a.wav,airport,london,205,6183,a
airport-london-205-6184-a.wav,airport,london,205,6184,a
airport-london-205-6185-a.wav,airport,london,205,6185,a
airport-london-205-6185-c.wav,airport,london,205,6185,c
airport-london-205-6186-a.wav,airport,london,205,6186,a
airport-london-205-6187-a.wav,airport,london,205,6187,a
airport-london-205-6188-a.wav,airport,london,205,6188,a
airport-london-205-6189-a.wav,airport,london,205,6189,a
airport-london-205-6190-a.wav,airport,london,205,6190,a
airport-london-205-6190-b.wav,airport,london,205,6190,b
airport-london-205-6190-c.wav,airport,london,205,6190,c
airport-london-205-6191-a.wav,airport,london,205,6191,a
airport-london-205-6191-s3.wav,airport,london,205,6191,s3
airport-london-205-6192-a.wav,airport,london,205,6192,a
airport-london-205-6193-a.wav,airport,london,205,6193,a
airport-london-205-6194-a.wav,airport,london,205,6194,a
airport-london-205-6195-a.wav,airport,london,205,6195,a
airport-london-205-6196-a.wav,airport,london,205,6196,a
airport-london-205-6197-a.wav,airport,london,205,6197,a
airport-london-205-6198-a.wav,airport,london,205,6198,a
airport-london-205-6199-a.wav,airport,london,205,6199,a
airport-london-205-6200-a.wav,airport,london,205,6200,a
airport-london-205-6201-a.wav,airport,london,205,6201,a
airport-london-205-6201-s5.wav,airport,london,205,6201,s5
airport-london-205-6202-a.wav,airport,london,205,6202,a
airport-london-205-6202-b.wav,airport,london,205,6202,b
airport-london-205-6203-a.wav,airport,london,205,6203,a
airport-london-205-6203-b.wav,airport,london,205,6203,b
airport-london-205-6204-a.wav,airport,london,205,6204,a
airport-london-205-6204-s3.wav,airport,london,205,6204,s3
airport-london-205-6205-a.wav,airport,london,205,6205,a
airport-london-205-6206-a.wav,airport,london,205,6206,a
airport-london-205-6206-s2.wav,airport,london,205,6206,s2
airport-london-205-6207-a.wav,airport,london,205,6207,a
airport-london-205-6207-s6.wav,airport,london,205,6207,s6
airport-london-205-6208-a.wav,airport,london,205,6208,a
airport-london-205-6209-a.wav,airport,london,205,6209,a
airport-london-205-6210-a.wav,airport,london,205,6210,a
airport-london-205-6211-a.wav,airport,london,205,6211,a
airport-london-205-6212-a.wav,airport,london,205,6212,a
airport-london-205-6213-a.wav,airport,london,205,6213,a
airport-london-205-6214-a.wav,airport,london,205,6214,a
airport-london-205-6214-s3.wav,airport,london,205,6214,s3
airport-london-205-6215-a.wav,airport,london,205,6215,a
airport-london-205-6215-s4.wav,airport,london,205,6215,s4
airport-london-205-6216-a.wav,airport,london,205,6216,a
airport-london-205-6217-a.wav,airport,london,205,6217,a
airport-london-205-6218-a.wav,airport,london,205,6218,a
airport-london-205-6219-a.wav,airport,london,205,6219,a
airport-london-205-6219-s1.wav,airport,london,205,6219,s1
airport-london-205-6220-a.wav,airport,london,205,6220,a
airport-london-205-6221-a.wav,airport,london,205,6221,a
airport-london-205-6221-s1.wav,airport,london,205,6221,s1
airport-london-205-6222-a.wav,airport,london,205,6222,a
airport-london-205-6222-s5.wav,airport,london,205,6222,s5
airport-london-205-6223-a.wav,airport,london,205,6223,a
airport-london-205-6223-s2.wav,airport,london,205,6223,s2
airport-london-205-6224-a.wav,airport,london,205,6224,a
airport-london-205-6224-s4.wav,airport,london,205,6224,s4
airport-london-205-6225-a.wav,airport,london,205,6225,a
airport-london-205-6225-c.wav,airport,london,205,6225,c
airport-london-205-6225-s6.wav,airport,london,205,6225,s6
airport-london-205-6226-a.wav,airport,london,205,6226,a
airport-london-205-6227-a.wav,airport,london,205,6227,a
airport-london-205-6228-a.wav,airport,london,205,6228,a
airport-london-205-6228-s2.wav,airport,london,205,6228,s2
airport-london-205-6229-a.wav,airport,london,205,6229,a
airport-london-205-6230-a.wav,airport,london,205,6230,a
airport-london-205-6231-a.wav,airport,london,205,6231,a
airport-london-205-6232-a.wav,airport,london,205,6232,a
airport-london-205-6232-s6.wav,airport,london,205,6232,s6
airport-london-205-6233-a.wav,airport,london,205,6233,a
airport-london-205-6233-s4.wav,airport,london,205,6233,s4
airport-london-205-6233-s5.wav,airport,london,205,6233,s5
airport-london-205-6234-a.wav,airport,london,205,6234,a
airport-london-205-6235-a.wav,airport,london,205,6235,a
airport-london-205-6236-a.wav,airport,london,205,6236,a
airport-london-5-221-a.wav,airport,london,5,221,a
airport-london-5-222-a.wav,airport,london,5,222,a
airport-london-5-222-s4.wav,airport,london,5,222,s4
airport-london-5-223-a.wav,airport,london,5,223,a
airport-london-5-224-a.wav,airport,london,5,224,a
airport-london-5-225-a.wav,airport,london,5,225,a
airport-london-5-226-a.wav,airport,london,5,226,a
airport-london-5-227-a.wav,airport,london,5,227,a
airport-london-5-228-a.wav,airport,london,5,228,a
airport-london-5-228-c.wav,airport,london,5,228,c
airport-london-5-229-a.wav,airport,london,5,229,a
airport-london-5-229-s2.wav,airport,london,5,229,s2
airport-london-5-230-a.wav,airport,london,5,230,a
airport-london-5-230-b.wav,airport,london,5,230,b
airport-london-5-230-c.wav,airport,london,5,230,c
airport-london-5-231-a.wav,airport,london,5,231,a
airport-london-5-232-a.wav,airport,london,5,232,a
airport-london-5-233-a.wav,airport,london,5,233,a
airport-london-5-233-s4.wav,airport,london,5,233,s4
airport-london-5-234-a.wav,airport,london,5,234,a
airport-london-5-234-c.wav,airport,london,5,234,c
airport-london-5-234-s1.wav,airport,london,5,234,s1
airport-london-5-235-a.wav,airport,london,5,235,a
airport-london-5-235-c.wav,airport,london,5,235,c
airport-london-5-235-s1.wav,airport,london,5,235,s1
airport-london-5-236-a.wav,airport,london,5,236,a
airport-london-5-236-s6.wav,airport,london,5,236,s6
airport-london-5-237-a.wav,airport,london,5,237,a
airport-london-5-238-a.wav,airport,london,5,238,a
airport-london-5-238-s2.wav,airport,london,5,238,s2
airport-london-5-238-s5.wav,airport,london,5,238,s5
airport-london-5-238-s6.wav,airport,london,5,238,s6
airport-london-5-239-a.wav,airport,london,5,239,a
airport-london-5-239-s3.wav,airport,london,5,239,s3
airport-london-5-239-s5.wav,airport,london,5,239,s5
airport-london-5-240-a.wav,airport,london,5,240,a
airport-london-5-240-s4.wav,airport,london,5,240,s4
airport-london-5-241-a.wav,airport,london,5,241,a
airport-london-5-242-a.wav,airport,london,5,242,a
airport-london-5-242-b.wav,airport,london,5,242,b
airport-london-5-243-a.wav,airport,london,5,243,a
airport-london-5-244-a.wav,airport,london,5,244,a
airport-london-5-245-a.wav,airport,london,5,245,a
airport-london-5-245-s1.wav,airport,london,5,245,s1
airport-london-5-245-s2.wav,airport,london,5,245,s2
airport-london-5-246-a.wav,airport,london,5,246,a
airport-london-5-246-b.wav,airport,london,5,246,b
airport-london-5-247-a.wav,airport,london,5,247,a
airport-london-5-247-s1.wav,airport,london,5,247,s1
airport-london-5-247-s4.wav,airport,london,5,247,s4
airport-london-5-248-a.wav,airport,london,5,248,a
airport-london-5-249-a.wav,airport,london,5,249,a
airport-london-5-250-a.wav,airport,london,5,250,a
airport-london-5-250-c.wav,airport,london,5,250,c
airport-london-5-250-s6.wav,airport,london,5,250,s6
airport-london-5-251-a.wav,airport,london,5,251,a
airport-london-5-251-s3.wav,airport,london,5,251,s3
airport-london-5-252-a.wav,airport,london,5,252,a
airport-london-5-252-s4.wav,airport,london,5,252,s4
airport-london-5-253-a.wav,airport,london,5,253,a
airport-london-5-254-a.wav,airport,london,5,254,a
airport-london-5-254-s3.wav,airport,london,5,254,s3
airport-london-5-255-a.wav,airport,london,5,255,a
airport-london-5-256-a.wav,airport,london,5,256,a
airport-london-5-256-s3.wav,airport,london,5,256,s3
airport-london-6-257-a.wav,airport,london,6,257,a
airport-london-6-257-s3.wav,airport,london,6,257,s3
airport-london-6-258-a.wav,airport,london,6,258,a
airport-london-6-258-b.wav,airport,london,6,258,b
airport-london-6-259-a.wav,airport,london,6,259,a
airport-london-6-260-a.wav,airport,london,6,260,a
airport-london-6-261-a.wav,airport,london,6,261,a
airport-london-6-262-a.wav,airport,london,6,262,a
airport-london-6-262-s5.wav,airport,london,6,262,s5
airport-london-6-263-a.wav,airport,london,6,263,a
airport-london-6-264-a.wav,airport,london,6,264,a
airport-london-6-264-c.wav,airport,london,6,264,c
airport-london-6-265-a.wav,airport,london,6,265,a
airport-london-6-265-s6.wav,airport,london,6,265,s6
airport-london-6-266-a.wav,airport,london,6,266,a
airport-london-6-266-s2.wav,airport,london,6,266,s2
airport-london-6-266-s4.wav,airport,london,6,266,s4
airport-london-6-267-a.wav,airport,london,6,267,a
airport-london-6-267-s5.wav,airport,london,6,267,s5
airport-london-6-268-a.wav,airport,london,6,268,a
airport-london-6-269-a.wav,airport,london,6,269,a
airport-london-6-270-a.wav,airport,london,6,270,a
airport-london-6-271-a.wav,airport,london,6,271,a
airport-london-6-271-b.wav,airport,london,6,271,b
airport-london-6-272-a.wav,airport,london,6,272,a
airport-london-6-272-s1.wav,airport,london,6,272,s1
airport-london-6-273-a.wav,airport,london,6,273,a
airport-london-6-273-c.wav,airport,london,6,273,c
airport-london-6-274-a.wav,airport,london,6,274,a
airport-london-6-275-a.wav,airport,london,6,275,a
airport-london-6-276-a.wav,airport,london,6,276,a
airport-london-6-276-s1.wav,airport,london,6,276,s1
airport-london-6-277-a.wav,airport,london,6,277,a
airport-london-6-277-s3.wav,airport,london,6,277,s3
airport-london-6-278-a.wav,airport,london,6,278,a
airport-london-6-279-a.wav,airport,london,6,279,a
airport-london-6-280-a.wav,airport,london,6,280,a
airport-london-6-280-s6.wav,airport,london,6,280,s6
airport-london-6-281-a.wav,airport,london,6,281,a
airport-london-6-282-a.wav,airport,london,6,282,a
airport-london-6-282-s6.wav,airport,london,6,282,s6
airport-london-6-283-a.wav,airport,london,6,283,a
airport-london-6-284-a.wav,airport,london,6,284,a
airport-london-6-284-s3.wav,airport,london,6,284,s3
airport-london-6-285-a.wav,airport,london,6,285,a
airport-london-6-286-a.wav,airport,london,6,286,a
airport-london-6-286-s4.wav,airport,london,6,286,s4
airport-london-6-287-a.wav,airport,london,6,287,a
airport-london-6-288-a.wav,airport,london,6,288,a
airport-london-6-289-a.wav,airport,london,6,289,a
airport-london-6-289-s3.wav,airport,london,6,289,s3
airport-london-6-289-s5.wav,airport,london,6,289,s5
airport-london-6-290-a.wav,airport,london,6,290,a
airport-london-6-290-s2.wav,airport,london,6,290,s2
airport-london-6-291-a.wav,airport,london,6,291,a
airport-london-6-291-s5.wav,airport,london,6,291,s5
airport-london-6-292-a.wav,airport,london,6,292,a
airport-london-6-292-c.wav,airport,london,6,292,c
airport-london-6-292-s1.wav,airport,london,6,292,s1
airport-london-6-293-a.wav,airport,london,6,293,a
airport-london-6-294-a.wav,airport,london,6,294,a
airport-london-6-294-s2.wav,airport,london,6,294,s2
airport-london-6-295-a.wav,airport,london,6,295,a
airport-london-6-295-b.wav,airport,london,6,295,b
airport-london-6-296-a.wav,airport,london,6,296,a
airport-london-6-296-s4.wav,airport,london,6,296,s4
airport-london-6-297-a.wav,airport,london,6,297,a
airport-london-6-298-a.wav,airport,london,6,298,a
airport-london-6-299-a.wav,airport,london,6,299,a
airport-london-6-299-s6.wav,airport,london,6,299,s6
airport-london-6-300-a.wav,airport,london,6,300,a
airport-london-6-300-b.wav,airport,london,6,300,b
airport-london-6-300-s1.wav,airport,london,6,300,s1
airport-london-6-301-a.wav,airport,london,6,301,a
airport-london-6-301-s5.wav,airport,london,6,301,s5
airport-london-6-302-a.wav,airport,london,6,302,a
airport-london-6-302-b.wav,airport,london,6,302,b
airport-london-6-302-s2.wav,airport,london,6,302,s2
airport-london-6-302-s5.wav,airport,london,6,302,s5
airport-london-6-303-a.wav,airport,london,6,303,a
airport-london-6-304-a.wav,airport,london,6,304,a
airport-london-6-304-s6.wav,airport,london,6,304,s6
airport-london-6-305-a.wav,airport,london,6,305,a
airport-london-6-305-s2.wav,airport,london,6,305,s2
airport-london-6-306-a.wav,airport,london,6,306,a
airport-lyon-1041-40053-a.wav,airport,lyon,1041,40053,a
airport-lyon-1041-40156-a.wav,airport,lyon,1041,40156,a
airport-lyon-1041-40156-s2.wav,airport,lyon,1041,40156,s2
airport-lyon-1041-40175-a.wav,airport,lyon,1041,40175,a
airport-lyon-1041-40360-a.wav,airport,lyon,1041,40360,a
airport-lyon-1041-40360-s3.wav,airport,lyon,1041,40360,s3
airport-lyon-1041-40393-a.wav,airport,lyon,1041,40393,a
airport-lyon-1041-40393-s4.wav,airport,lyon,1041,40393,s4
airport-lyon-1041-40530-a.wav,airport,lyon,1041,40530,a
airport-lyon-1041-40722-a.wav,airport,lyon,1041,40722,a
airport-lyon-1041-40868-a.wav,airport,lyon,1041,40868,a
airport-lyon-1041-41166-a.wav,airport,lyon,1041,41166,a
airport-lyon-1041-41166-b.wav,airport,lyon,1041,41166,b
airport-lyon-1041-41166-s2.wav,airport,lyon,1041,41166,s2
airport-lyon-1041-41176-a.wav,airport,lyon,1041,41176,a
airport-lyon-1041-41176-b.wav,airport,lyon,1041,41176,b
airport-lyon-1041-41176-s3.wav,airport,lyon,1041,41176,s3
airport-lyon-1041-41216-a.wav,airport,lyon,1041,41216,a
airport-lyon-1041-41216-s6.wav,airport,lyon,1041,41216,s6
airport-lyon-1041-41282-a.wav,airport,lyon,1041,41282,a
airport-lyon-1041-41396-a.wav,airport,lyon,1041,41396,a
airport-lyon-1041-41535-a.wav,airport,lyon,1041,41535,a
airport-lyon-1041-41710-a.wav,airport,lyon,1041,41710,a
airport-lyon-1041-41710-s1.wav,airport,lyon,1041,41710,s1
airport-lyon-1041-41710-s3.wav,airport,lyon,1041,41710,s3
airport-lyon-1041-41824-a.wav,airport,lyon,1041,41824,a
airport-lyon-1041-41824-b.wav,airport,lyon,1041,41824,b
airport-lyon-1041-41824-s3.wav,airport,lyon,1041,41824,s3
airport-lyon-1041-41843-a.wav,airport,lyon,1041,41843,a
airport-lyon-1041-41843-b.wav,airport,lyon,1041,41843,b
airport-lyon-1041-41843-s6.wav,airport,lyon,1041,41843,s6
airport-lyon-1041-41852-a.wav,airport,lyon,1041,41852,a
airport-lyon-1041-41852-s5.wav,airport,lyon,1041,41852,s5
airport-lyon-1041-41945-a.wav,airport,lyon,1041,41945,a
airport-lyon-1041-42041-a.wav,airport,lyon,1041,42041,a
airport-lyon-1041-42246-a.wav,airport,lyon,1041,42246,a
airport-lyon-1041-42246-s1.wav,airport,lyon,1041,42246,s1
airport-lyon-1041-42257-a.wav,airport,lyon,1041,42257,a
airport-lyon-1041-42257-s1.wav,airport,lyon,1041,42257,s1
airport-lyon-1041-42809-a.wav,airport,lyon,1041,42809,a
airport-lyon-1041-42809-s2.wav,airport,lyon,1041,42809,s2
airport-lyon-1041-42824-a.wav,airport,lyon,1041,42824,a
airport-lyon-1041-42824-s5.wav,airport,lyon,1041,42824,s5
airport-lyon-1041-42920-a.wav,airport,lyon,1041,42920,a
airport-lyon-1041-42942-a.wav,airport,lyon,1041,42942,a
airport-lyon-1041-43035-a.wav,airport,lyon,1041,43035,a
airport-lyon-1041-43035-s2.wav,airport,lyon,1041,43035,s2
airport-lyon-1041-43045-a.wav,airport,lyon,1041,43045,a
airport-lyon-1041-43045-s6.wav,airport,lyon,1041,43045,s6
airport-lyon-1041-43062-a.wav,airport,lyon,1041,43062,a
airport-lyon-1041-43257-a.wav,airport,lyon,1041,43257,a
airport-lyon-1041-43417-a.wav,airport,lyon,1041,43417,a
airport-lyon-1041-43521-a.wav,airport,lyon,1041,43521,a
airport-lyon-1041-43796-a.wav,airport,lyon,1041,43796,a
airport-lyon-1041-43796-s4.wav,airport,lyon,1041,43796,s4
airport-lyon-1041-43878-a.wav,airport,lyon,1041,43878,a
airport-lyon-1041-43878-b.wav,airport,lyon,1041,43878,b
airport-lyon-1041-43949-a.wav,airport,lyon,1041,43949,a
airport-lyon-1041-44042-a.wav,airport,lyon,1041,44042,a
airport-lyon-1095-40158-a.wav,airport,lyon,1095,40158,a
airport-lyon-1095-40158-c.wav,airport,lyon,1095,40158,c
airport-lyon-1095-40158-s5.wav,airport,lyon,1095,40158,s5
airport-lyon-1095-40245-a.wav,airport,lyon,1095,40245,a
airport-lyon-1095-40245-c.wav,airport,lyon,1095,40245,c
airport-lyon-1095-40245-s6.wav,airport,lyon,1095,40245,s6
airport-lyon-1095-40622-a.wav,airport,lyon,1095,40622,a
airport-lyon-1095-40743-a.wav,airport,lyon,1095,40743,a
airport-lyon-1095-40765-a.wav,airport,lyon,1095,40765,a
airport-lyon-1095-40777-a.wav,airport,lyon,1095,40777,a
airport-lyon-1095-40777-s4.wav,airport,lyon,1095,40777,s4
airport-lyon-1095-40798-a.wav,airport,lyon,1095,40798,a
airport-lyon-1095-40798-s3.wav,airport,lyon,1095,40798,s3
airport-lyon-1095-40859-a.wav,airport,lyon,1095,40859,a
airport-lyon-1095-41320-a.wav,airport,lyon,1095,41320,a
airport-lyon-1095-41597-a.wav,airport,lyon,1095,41597,a
airport-lyon-1095-41626-a.wav,airport,lyon,1095,41626,a
airport-lyon-1095-41626-c.wav,airport,lyon,1095,41626,c
airport-lyon-1095-41626-s5.wav,airport,lyon,1095,41626,s5
airport-lyon-1095-41953-a.wav,airport,lyon,1095,41953,a
airport-lyon-1095-41953-s1.wav,airport,lyon,1095,41953,s1
airport-lyon-1095-42121-a.wav,airport,lyon,1095,42121,a
airport-lyon-1095-42121-s1.wav,airport,lyon,1095,42121,s1
airport-lyon-1095-42146-a.wav,airport,lyon,1095,42146,a
airport-lyon-1095-42330-a.wav,airport,lyon,1095,42330,a
airport-lyon-1095-42436-a.wav,airport,lyon,1095,42436,a
airport-lyon-1095-42528-a.wav,airport,lyon,1095,42528,a
airport-lyon-1095-42574-a.wav,airport,lyon,1095,42574,a
airport-lyon-1095-42617-a.wav,airport,lyon,1095,42617,a
airport-lyon-1095-42753-a.wav,airport,lyon,1095,42753,a
airport-lyon-1095-42795-a.wav,airport,lyon,1095,42795,a
airport-lyon-1095-42977-a.wav,airport,lyon,1095,42977,a
airport-lyon-1095-43055-a.wav,airport,lyon,1095,43055,a
airport-lyon-1095-43055-c.wav,airport,lyon,1095,43055,c
airport-lyon-1095-43055-s4.wav,airport,lyon,1095,43055,s4
airport-lyon-1095-43177-a.wav,airport,lyon,1095,43177,a
airport-lyon-1095-43177-s2.wav,airport,lyon,1095,43177,s2
airport-lyon-1095-43330-a.wav,airport,lyon,1095,43330,a
airport-lyon-1095-43489-a.wav,airport,lyon,1095,43489,a
airport-lyon-1095-43512-a.wav,airport,lyon,1095,43512,a
airport-lyon-1095-43600-a.wav,airport,lyon,1095,43600,a
airport-lyon-1095-43600-s6.wav,airport,lyon,1095,43600,s6
airport-lyon-1095-43631-a.wav,airport,lyon,1095,43631,a
airport-lyon-1095-43631-s2.wav,airport,lyon,1095,43631,s2
airport-lyon-1095-43631-s4.wav,airport,lyon,1095,43631,s4
airport-lyon-1095-43724-a.wav,airport,lyon,1095,43724,a
airport-lyon-1095-43724-s5.wav,airport,lyon,1095,43724,s5
airport-lyon-1095-43774-a.wav,airport,lyon,1095,43774,a
airport-lyon-1095-43774-s1.wav,airport,lyon,1095,43774,s1
airport-lyon-1095-43917-a.wav,airport,lyon,1095,43917,a
airport-lyon-1095-43917-s1.wav,airport,lyon,1095,43917,s1
airport-lyon-1095-44011-a.wav,airport,lyon,1095,44011,a
airport-lyon-1095-44011-s5.wav,airport,lyon,1095,44011,s5
airport-lyon-1095-44011-s6.wav,airport,lyon,1095,44011,s6
airport-lyon-1095-44039-a.wav,airport,lyon,1095,44039,a
airport-lyon-1095-44064-a.wav,airport,lyon,1095,44064,a
airport-lyon-1095-44085-a.wav,airport,lyon,1095,44085,a
airport-lyon-1095-44085-s4.wav,airport,lyon,1095,44085,s4
airport-lyon-1101-40173-a.wav,airport,lyon,1101,40173,a
airport-lyon-1101-40386-a.wav,airport,lyon,1101,40386,a
airport-lyon-1101-40386-s6.wav,airport,lyon,1101,40386,s6
airport-lyon-1101-40748-a.wav,airport,lyon,1101,40748,a
airport-lyon-1101-40999-a.wav,airport,lyon,1101,40999,a
airport-lyon-1101-41172-a.wav,airport,lyon,1101,41172,a
airport-lyon-1101-41231-a.wav,airport,lyon,1101,41231,a
airport-lyon-1101-41267-a.wav,airport,lyon,1101,41267,a
airport-lyon-1101-41351-a.wav,airport,lyon,1101,41351,a
airport-lyon-1101-41501-a.wav,airport,lyon,1101,41501,a
airport-lyon-1101-41501-s3.wav,airport,lyon,1101,41501,s3
airport-lyon-1101-41603-a.wav,airport,lyon,1101,41603,a
airport-lyon-1101-41703-a.wav,airport,lyon,1101,41703,a
airport-lyon-1101-41703-s3.wav,airport,lyon,1101,41703,s3
airport-lyon-1101-41912-a.wav,airport,lyon,1101,41912,a
airport-lyon-1101-41912-b.wav,airport,lyon,1101,41912,b
airport-lyon-1101-41912-s5.wav,airport,lyon,1101,41912,s5
airport-lyon-1101-41913-a.wav,airport,lyon,1101,41913,a
airport-lyon-1101-42334-a.wav,airport,lyon,1101,42334,a
airport-lyon-1101-42334-s6.wav,airport,lyon,1101,42334,s6
airport-lyon-1101-42343-a.wav,airport,lyon,1101,42343,a
airport-lyon-1101-42343-s3.wav,airport,lyon,1101,42343,s3
airport-lyon-1101-42428-a.wav,airport,lyon,1101,42428,a
airport-lyon-1101-42602-a.wav,airport,lyon,1101,42602,a
airport-lyon-1101-42703-a.wav,airport,lyon,1101,42703,a
airport-lyon-1101-42791-a.wav,airport,lyon,1101,42791,a
airport-lyon-1101-42791-s4.wav,airport,lyon,1101,42791,s4
airport-lyon-1101-42838-a.wav,airport,lyon,1101,42838,a
airport-lyon-1101-42854-a.wav,airport,lyon,1101,42854,a
airport-lyon-1101-42943-a.wav,airport,lyon,1101,42943,a
airport-lyon-1101-43038-a.wav,airport,lyon,1101,43038,a
airport-lyon-1101-43038-c.wav,airport,lyon,1101,43038,c
airport-lyon-1101-43038-s4.wav,airport,lyon,1101,43038,s4
airport-lyon-1101-43071-a.wav,airport,lyon,1101,43071,a
airport-lyon-1101-43112-a.wav,airport,lyon,1101,43112,a
airport-lyon-1101-43380-a.wav,airport,lyon,1101,43380,a
airport-lyon-1101-43380-c.wav,airport,lyon,1101,43380,c
airport-lyon-1101-43476-a.wav,airport,lyon,1101,43476,a
airport-lyon-1101-43476-s5.wav,airport,lyon,1101,43476,s5
airport-lyon-1101-43522-a.wav,airport,lyon,1101,43522,a
airport-lyon-1101-43522-c.wav,airport,lyon,1101,43522,c
airport-lyon-1101-43528-a.wav,airport,lyon,1101,43528,a
airport-lyon-1101-43528-s2.wav,airport,lyon,1101,43528,s2
airport-lyon-1101-43537-a.wav,airport,lyon,1101,43537,a
airport-lyon-1101-43537-b.wav,airport,lyon,1101,43537,b
airport-lyon-1101-43656-a.wav,airport,lyon,1101,43656,a
airport-lyon-1101-43656-c.wav,airport,lyon,1101,43656,c
airport-lyon-1101-43728-a.wav,airport,lyon,1101,43728,a
airport-lyon-1101-43736-a.wav,airport,lyon,1101,43736,a
airport-lyon-1101-43736-s1.wav,airport,lyon,1101,43736,s1
airport-lyon-1101-44017-a.wav,airport,lyon,1101,44017,a
airport-lyon-1101-44017-b.wav,airport,lyon,1101,44017,b
airport-lyon-1101-44067-a.wav,airport,lyon,1101,44067,a
airport-lyon-1101-44070-a.wav,airport,lyon,1101,44070,a
airport-lyon-1101-44070-s2.wav,airport,lyon,1101,44070,s2
airport-lyon-1169-44100-a.wav,airport,lyon,1169,44100,a
airport-lyon-1169-44100-s3.wav,airport,lyon,1169,44100,s3
airport-lyon-1169-44127-a.wav,airport,lyon,1169,44127,a
airport-lyon-1169-44127-b.wav,airport,lyon,1169,44127,b
airport-lyon-1169-44227-a.wav,airport,lyon,1169,44227,a
airport-lyon-1169-44279-a.wav,airport,lyon,1169,44279,a
airport-lyon-1169-44283-a.wav,airport,lyon,1169,44283,a
airport-lyon-1169-44283-s2.wav,airport,lyon,1169,44283,s2
airport-lyon-1169-44283-s5.wav,airport,lyon,1169,44283,s5
airport-lyon-1169-44314-a.wav,airport,lyon,1169,44314,a
airport-lyon-1169-44321-a.wav,airport,lyon,1169,44321,a
airport-lyon-1169-44321-c.wav,airport,lyon,1169,44321,c
airport-lyon-1169-44330-a.wav,airport,lyon,1169,44330,a
airport-lyon-1169-44348-a.wav,airport,lyon,1169,44348,a
airport-lyon-1169-44351-a.wav,airport,lyon,1169,44351,a
airport-lyon-1169-44351-s4.wav,airport,lyon,1169,44351,s4
airport-lyon-1169-44363-a.wav,airport,lyon,1169,44363,a
airport-lyon-1169-44363-s3.wav,airport,lyon,1169,44363,s3
airport-lyon-1169-44363-s4.wav,airport,lyon,1169,44363,s4
airport-lyon-1169-44387-a.wav,airport,lyon,1169,44387,a
airport-lyon-1169-44387-s1.wav,airport,lyon,1169,44387,s1
airport-lyon-1169-44387-s3.wav,airport,lyon,1169,44387,s3
airport-lyon-1169-44430-a.wav,airport,lyon,1169,44430,a
airport-lyon-1169-44433-a.wav,airport,lyon,1169,44433,a
airport-lyon-1169-44433-s2.wav,airport,lyon,1169,44433,s2
airport-lyon-1169-44433-s4.wav,airport,lyon,1169,44433,s4
airport-lyon-1169-44434-a.wav,airport,lyon,1169,44434,a
airport-lyon-1169-44434-s5.wav,airport,lyon,1169,44434,s5
airport-lyon-1169-44446-a.wav,airport,lyon,1169,44446,a
airport-lyon-1169-44486-a.wav,airport,lyon,1169,44486,a
airport-lyon-1169-44486-s1.wav,airport,lyon,1169,44486,s1
airport-lyon-1169-44497-a.wav,airport,lyon,1169,44497,a
airport-lyon-1169-44497-s6.wav,airport,lyon,1169,44497,s6
airport-lyon-1169-44528-a.wav,airport,lyon,1169,44528,a
airport-lyon-1169-44570-a.wav,airport,lyon,1169,44570,a
airport-lyon-1169-44738-a.wav,airport,lyon,1169,44738,a
airport-lyon-1169-44782-a.wav,airport,lyon,1169,44782,a
airport-lyon-1169-44782-c.wav,airport,lyon,1169,44782,c
airport-lyon-1169-44981-a.wav,airport,lyon,1169,44981,a
airport-lyon-1169-45068-a.wav,airport,lyon,1169,45068,a
airport-lyon-1169-45129-a.wav,airport,lyon,1169,45129,a
airport-lyon-1169-45129-b.wav,airport,lyon,1169,45129,b
airport-lyon-1169-45129-s6.wav,airport,lyon,1169,45129,s6
airport-lyon-1169-45185-a.wav,airport,lyon,1169,45185,a
airport-lyon-1169-45263-a.wav,airport,lyon,1169,45263,a
airport-lyon-1169-45263-b.wav,airport,lyon,1169,45263,b
airport-lyon-1169-45263-c.wav,airport,lyon,1169,45263,c
airport-lyon-1169-45263-s1.wav,airport,lyon,1169,45263,s1
airport-lyon-1169-45296-a.wav,airport,lyon,1169,45296,a
airport-lyon-1169-45396-a.wav,airport,lyon,1169,45396,a
airport-lyon-1169-45487-a.wav,airport,lyon,1169,45487,a
airport-lyon-1169-45498-a.wav,airport,lyon,1169,45498,a
airport-lyon-1169-45519-a.wav,airport,lyon,1169,45519,a
airport-lyon-1169-45560-a.wav,airport,lyon,1169,45560,a
airport-lyon-1169-45560-s2.wav,airport,lyon,1169,45560,s2
airport-lyon-1169-45560-s5.wav,airport,lyon,1169,45560,s5
airport-lyon-1169-45560-s6.wav,airport,lyon,1169,45560,s6
airport-lyon-1169-45588-a.wav,airport,lyon,1169,45588,a
airport-lyon-1169-45628-a.wav,airport,lyon,1169,45628,a
airport-lyon-1169-45672-a.wav,airport,lyon,1169,45672,a
airport-milan-1061-40085-a.wav,airport,milan,1061,40085,a
airport-milan-1061-40085-s5.wav,airport,milan,1061,40085,s5
airport-milan-1061-40118-a.wav,airport,milan,1061,40118,a
airport-milan-1061-40118-s6.wav,airport,milan,1061,40118,s6
airport-milan-1061-40179-a.wav,airport,milan,1061,40179,a
airport-milan-1061-40199-a.wav,airport,milan,1061,40199,a
airport-milan-1061-40199-c.wav,airport,milan,1061,40199,c
airport-milan-1061-40199-s4.wav,airport,milan,1061,40199,s4
airport-milan-1061-40199-s6.wav,airport,milan,1061,40199,s6
airport-milan-1061-40214-a.wav,airport,milan,1061,40214,a
airport-milan-1061-40460-a.wav,airport,milan,1061,40460,a
airport-milan-1061-40507-a.wav,airport,milan,1061,40507,a
airport-milan-1061-40554-a.wav,airport,milan,1061,40554,a
airport-milan-1061-40590-a.wav,airport,milan,1061,40590,a
airport-milan-1061-40638-a.wav,airport,milan,1061,40638,a
airport-milan-1061-40638-c.wav,airport,milan,1061,40638,c
airport-milan-1061-40679-a.wav,airport,milan,1061,40679,a
airport-milan-1061-40679-s1.wav,airport,milan,1061,40679,s1
airport-milan-1061-40886-a.wav,airport,milan,1061,40886,a
airport-milan-1061-40892-a.wav,airport,milan,1061,40892,a
airport-milan-1061-40921-a.wav,airport,milan,1061,40921,a
airport-milan-1061-41111-a.wav,airport,milan,1061,41111,a
airport-milan-1061-41111-s4.wav,airport,milan,1061,41111,s4
airport-milan-1061-41260-a.wav,airport,milan,1061,41260,a
airport-milan-1061-41360-a.wav,airport,milan,1061,41360,a
airport-milan-1061-41360-b.wav,airport,milan,1061,41360,b
airport-milan-1061-41750-a.wav,airport,milan,1061,41750,a
airport-milan-1061-41750-s4.wav,airport,milan,1061,41750,s4
airport-milan-1061-41813-a.wav,airport,milan,1061,41813,a
airport-milan-1061-41813-c.wav,airport,milan,1061,41813,c
airport-milan-1061-41831-a.wav,airport,milan,1061,41831,a
airport-milan-1061-41870-a.wav,airport,milan,1061,41870,a
airport-milan-1061-42200-a.wav,airport,milan,1061,42200,a
airport-milan-1061-42200-s3.wav,airport,milan,1061,42200,s3
airport-milan-1061-42278-a.wav,airport,milan,1061,42278,a
airport-milan-1061-42278-s3.wav,airport,milan,1061,42278,s3
airport-milan-1061-42505-a.wav,airport,milan,1061,42505,a
airport-milan-1061-42604-a.wav,airport,milan,1061,42604,a
airport-milan-1061-42752-a.wav,airport,milan,1061,42752,a
airport-milan-1061-42820-a.wav,airport,milan,1061,42820,a
airport-milan-1061-42820-s1.wav,airport,milan,1061,42820,s1
airport-milan-1061-42883-a.wav,airport,milan,1061,42883,a
airport-milan-1061-43471-a.wav,airport,milan,1061,43471,a
airport-milan-1061-43494-a.wav,airport,milan,1061,43494,a
airport-milan-1061-43678-a.wav,airport,milan,1061,43678,a
airport-milan-1061-43706-a.wav,airport,milan,1061,43706,a
airport-milan-1061-43847-a.wav,airport,milan,1061,43847,a
airport-milan-1061-44026-a.wav,airport,milan,1061,44026,a
airport-milan-1061-44048-a.wav,airport,milan,1061,44048,a
airport-milan-1061-44048-s5.wav,airport,milan,1061,44048,s5
airport-milan-1061-44080-a.wav,airport,milan,1061,44080,a
airport-milan-1061-44080-s2.wav,airport,milan,1061,44080,s2
airport-milan-1061-44080-s6.wav,airport,milan,1061,44080,s6
airport-milan-1089-40147-a.wav,airport,milan,1089,40147,a
airport-milan-1089-40303-a.wav,airport,milan,1089,40303,a
airport-milan-1089-40303-s1.wav,airport,milan,1089,40303,s1
airport-milan-1089-40331-a.wav,airport,milan,1089,40331,a
airport-milan-1089-40377-a.wav,airport,milan,1089,40377,a
airport-milan-1089-40410-a.wav,airport,milan,1089,40410,a
airport-milan-1089-40508-a.wav,airport,milan,1089,40508,a
airport-milan-1089-40508-s6.wav,airport,milan,1089,40508,s6
airport-milan-1089-40548-a.wav,airport,milan,1089,40548,a
airport-milan-1089-40558-a.wav,airport,milan,1089,40558,a
airport-milan-1089-40558-b.wav,airport,milan,1089,40558,b
airport-milan-1089-40577-a.wav,airport,milan,1089,40577,a
airport-milan-1089-40755-a.wav,airport,milan,1089,40755,a
airport-milan-1089-40910-a.wav,airport,milan,1089,40910,a
airport-milan-1089-40910-s2.wav,airport,milan,1089,40910,s2
airport-milan-1089-40910-s4.wav,airport,milan,1089,40910,s4
airport-milan-1089-41009-a.wav,airport,milan,1089,41009,a
airport-milan-1089-41009-s5.wav,airport,milan,1089,41009,s5
airport-milan-1089-41046-a.wav,airport,milan,1089,41046,a
airport-milan-1089-41064-a.wav,airport,milan,1089,41064,a
airport-milan-1089-41064-b.wav,airport,milan,1089,41064,b
airport-milan-1089-41064-c.wav,airport,milan,1089,41064,c
airport-milan-1089-41064-s4.wav,airport,milan,1089,41064,s4
airport-milan-1089-41269-a.wav,airport,milan,1089,41269,a
airport-milan-1089-41269-s6.wav,airport,milan,1089,41269,s6
airport-milan-1089-41486-a.wav,airport,milan,1089,41486,a
airport-milan-1089-41486-s4.wav,airport,milan,1089,41486,s4
airport-milan-1089-41554-a.wav,airport,milan,1089,41554,a
airport-milan-1089-41726-a.wav,airport,milan,1089,41726,a
airport-milan-1089-41818-a.wav,airport,milan,1089,41818,a
airport-milan-1089-41818-s6.wav,airport,milan,1089,41818,s6
airport-milan-1089-41850-a.wav,airport,milan,1089,41850,a
airport-milan-1089-41851-a.wav,airport,milan,1089,41851,a
airport-milan-1089-42083-a.wav,airport,milan,1089,42083,a
airport-milan-1089-42172-a.wav,airport,milan,1089,42172,a
airport-milan-1089-42172-s1.wav,airport,milan,1089,42172,s1
airport-milan-1089-42172-s2.wav,airport,milan,1089,42172,s2
airport-milan-1089-42174-a.wav,airport,milan,1089,42174,a
airport-milan-1089-42579-a.wav,airport,milan,1089,42579,a
airport-milan-1089-42633-a.wav,airport,milan,1089,42633,a
airport-milan-1089-42696-a.wav,airport,milan,1089,42696,a
airport-milan-1089-42696-s3.wav,airport,milan,1089,42696,s3
airport-milan-1089-42935-a.wav,airport,milan,1089,42935,a
airport-milan-1089-42935-s3.wav,airport,milan,1089,42935,s3
airport-milan-1089-42955-a.wav,airport,milan,1089,42955,a
airport-milan-1089-42955-s5.wav,airport,milan,1089,42955,s5
airport-milan-1089-43148-a.wav,airport,milan,1089,43148,a
airport-milan-1089-43209-a.wav,airport,milan,1089,43209,a
airport-milan-1089-43209-s6.wav,airport,milan,1089,43209,s6
airport-milan-1089-43431-a.wav,airport,milan,1089,43431,a
airport-milan-1089-43488-a.wav,airport,milan,1089,43488,a
airport-milan-1089-43677-a.wav,airport,milan,1089,43677,a
airport-milan-1089-43682-a.wav,airport,milan,1089,43682,a
airport-milan-1089-43987-a.wav,airport,milan,1089,43987,a
airport-milan-1108-40195-a.wav,airport,milan,1108,40195,a
airport-milan-1108-40570-a.wav,airport,milan,1108,40570,a
airport-milan-1108-40570-s5.wav,airport,milan,1108,40570,s5
airport-milan-1108-40834-a.wav,airport,milan,1108,40834,a
airport-milan-1108-41110-a.wav,airport,milan,1108,41110,a
airport-milan-1108-41133-a.wav,airport,milan,1108,41133,a
airport-milan-1108-41362-a.wav,airport,milan,1108,41362,a
airport-milan-1108-41447-a.wav,airport,milan,1108,41447,a
airport-milan-1108-41659-a.wav,airport,milan,1108,41659,a
airport-milan-1108-41659-s2.wav,airport,milan,1108,41659,s2
airport-milan-1108-41690-a.wav,airport,milan,1108,41690,a
airport-milan-1108-41690-c.wav,airport,milan,1108,41690,c
airport-milan-1108-41787-a.wav,airport,milan,1108,41787,a
airport-milan-1108-41891-a.wav,airport,milan,1108,41891,a
airport-milan-1108-41891-s2.wav,airport,milan,1108,41891,s2
airport-milan-1108-41898-a.wav,airport,milan,1108,41898,a
airport-milan-1108-41898-s5.wav,airport,milan,1108,41898,s5
airport-milan-1108-41968-a.wav,airport,milan,1108,41968,a
airport-milan-1108-41984-a.wav,airport,milan,1108,41984,a
airport-milan-1108-42104-a.wav,airport,milan,1108,42104,a
airport-milan-1108-42104-b.wav,airport,milan,1108,42104,b
airport-milan-1108-42104-c.wav,airport,milan,1108,42104,c
airport-milan-1108-42132-a.wav,airport,milan,1108,42132,a
airport-milan-1108-42132-s2.wav,airport,milan,1108,42132,s2
airport-milan-1108-42235-a.wav,airport,milan,1108,42235,a
airport-milan-1108-42526-a.wav,airport,milan,1108,42526,a
airport-milan-1108-42540-a.wav,airport,milan,1108,42540,a
airport-milan-1108-42540-s1.wav,airport,milan,1108,42540,s1
airport-milan-1108-42695-a.wav,airport,milan,1108,42695,a
airport-milan-1108-42695-b.wav,airport,milan,1108,42695,b
airport-milan-1108-42841-a.wav,airport,milan,1108,42841,a
airport-milan-1108-42841-b.wav,airport,milan,1108,42841,b
airport-milan-1108-42916-a.wav,airport,milan,1108,42916,a
airport-milan-1108-42936-a.wav,airport,milan,1108,42936,a
airport-milan-1108-43082-a.wav,airport,milan,1108,43082,a
airport-milan-1108-43083-a.wav,airport,milan,1108,43083,a
airport-milan-1108-43083-s4.wav,airport,milan,1108,43083,s4
airport-milan-1108-43191-a.wav,airport,milan,1108,43191,a
airport-milan-1108-43228-a.wav,airport,milan,1108,43228,a
airport-milan-1108-43236-a.wav,airport,milan,1108,43236,a
airport-milan-1108-43236-s1.wav,airport,milan,1108,43236,s1
airport-milan-1108-43236-s3.wav,airport,milan,1108,43236,s3
airport-milan-1108-43385-a.wav,airport,milan,1108,43385,a
airport-milan-1108-43385-s2.wav,airport,milan,1108,43385,s2
airport-milan-1108-43486-a.wav,airport,milan,1108,43486,a
airport-milan-1108-43486-b.wav,airport,milan,1108,43486,b
airport-milan-1108-43619-a.wav,airport,milan,1108,43619,a
airport-milan-1108-43619-s3.wav,airport,milan,1108,43619,s3
airport-milan-1108-43749-a.wav,airport,milan,1108,43749,a
airport-milan-1108-43749-s1.wav,airport,milan,1108,43749,s1
airport-milan-1108-43755-a.wav,airport,milan,1108,43755,a
airport-milan-1108-43755-c.wav,airport,milan,1108,43755,c
airport-milan-1108-43755-s5.wav,airport,milan,1108,43755,s5
airport-milan-1108-43786-a.wav,airport,milan,1108,43786,a
airport-milan-1108-43786-s3.wav,airport,milan,1108,43786,s3
airport-milan-1108-43915-a.wav,airport,milan,1108,43915,a
airport-milan-1108-44084-a.wav,airport,milan,1108,44084,a
airport-milan-1172-44103-a.wav,airport,milan,1172,44103,a
airport-milan-1172-44103-s5.wav,airport,milan,1172,44103,s5
airport-milan-1172-44126-a.wav,airport,milan,1172,44126,a
airport-milan-1172-44126-s2.wav,airport,milan,1172,44126,s2
airport-milan-1172-44205-a.wav,airport,milan,1172,44205,a
airport-milan-1172-44205-s4.wav,airport,milan,1172,44205,s4
airport-milan-1172-44215-a.wav,airport,milan,1172,44215,a
airport-milan-1172-44376-a.wav,airport,milan,1172,44376,a
airport-milan-1172-44409-a.wav,airport,milan,1172,44409,a
airport-milan-1172-44524-a.wav,airport,milan,1172,44524,a
airport-milan-1172-44533-a.wav,airport,milan,1172,44533,a
airport-milan-1172-44567-a.wav,airport,milan,1172,44567,a
airport-milan-1172-44567-s1.wav,airport,milan,1172,44567,s1
airport-milan-1172-44586-a.wav,airport,milan,1172,44586,a
airport-milan-1172-44624-a.wav,airport,milan,1172,44624,a
airport-milan-1172-44624-s5.wav,airport,milan,1172,44624,s5
airport-milan-1172-44624-s6.wav,airport,milan,1172,44624,s6
airport-milan-1172-44661-a.wav,airport,milan,1172,44661,a
airport-milan-1172-44661-c.wav,airport,milan,1172,44661,c
airport-milan-1172-44661-s2.wav,airport,milan,1172,44661,s2
airport-milan-1172-44661-s4.wav,airport,milan,1172,44661,s4
airport-milan-1172-44661-s5.wav,airport,milan,1172,44661,s5
airport-milan-1172-44687-a.wav,airport,milan,1172,44687,a
airport-milan-1172-44687-s3.wav,airport,milan,1172,44687,s3
airport-milan-1172-44762-a.wav,airport,milan,1172,44762,a
airport-milan-1172-44762-b.wav,airport,milan,1172,44762,b
airport-milan-1172-44768-a.wav,airport,milan,1172,44768,a
airport-milan-1172-44768-s3.wav,airport,milan,1172,44768,s3
airport-milan-1172-44819-a.wav,airport,milan,1172,44819,a
airport-milan-1172-44819-s1.wav,airport,milan,1172,44819,s1
airport-milan-1172-44887-a.wav,airport,milan,1172,44887,a
airport-milan-1172-44887-s6.wav,airport,milan,1172,44887,s6
airport-milan-1172-44925-a.wav,airport,milan,1172,44925,a
airport-milan-1172-44925-b.wav,airport,milan,1172,44925,b
airport-milan-1172-45028-a.wav,airport,milan,1172,45028,a
airport-milan-1172-45028-c.wav,airport,milan,1172,45028,c
airport-milan-1172-45082-a.wav,airport,milan,1172,45082,a
airport-milan-1172-45119-a.wav,airport,milan,1172,45119,a
airport-milan-1172-45119-s3.wav,airport,milan,1172,45119,s3
airport-milan-1172-45165-a.wav,airport,milan,1172,45165,a
airport-milan-1172-45165-c.wav,airport,milan,1172,45165,c
airport-milan-1172-45190-a.wav,airport,milan,1172,45190,a
airport-milan-1172-45190-s2.wav,airport,milan,1172,45190,s2
airport-milan-1172-45214-a.wav,airport,milan,1172,45214,a
airport-milan-1172-45225-a.wav,airport,milan,1172,45225,a
airport-milan-1172-45261-a.wav,airport,milan,1172,45261,a
airport-milan-1172-45320-a.wav,airport,milan,1172,45320,a
airport-milan-1172-45320-b.wav,airport,milan,1172,45320,b
airport-milan-1172-45327-a.wav,airport,milan,1172,45327,a
airport-milan-1172-45355-a.wav,airport,milan,1172,45355,a
airport-milan-1172-45409-a.wav,airport,milan,1172,45409,a
airport-milan-1172-45420-a.wav,airport,milan,1172,45420,a
airport-milan-1172-45490-a.wav,airport,milan,1172,45490,a
airport-milan-1172-45505-a.wav,airport,milan,1172,45505,a
airport-milan-1172-45505-s6.wav,airport,milan,1172,45505,s6
airport-milan-1172-45645-a.wav,airport,milan,1172,45645,a
airport-milan-1172-45645-s1.wav,airport,milan,1172,45645,s1
airport-milan-1172-45710-a.wav,airport,milan,1172,45710,a
airport-milan-1172-45710-s4.wav,airport,milan,1172,45710,s4
airport-milan-1172-45738-a.wav,airport,milan,1172,45738,a
airport-paris-206-6237-a.wav,airport,paris,206,6237,a
airport-paris-206-6238-a.wav,airport,paris,206,6238,a
airport-paris-206-6239-a.wav,airport,paris,206,6239,a
airport-paris-206-6240-a.wav,airport,paris,206,6240,a
airport-paris-206-6241-a.wav,airport,paris,206,6241,a
airport-paris-206-6241-s6.wav,airport,paris,206,6241,s6
airport-paris-206-6242-a.wav,airport,paris,206,6242,a
airport-paris-206-6242-s1.wav,airport,paris,206,6242,s1
airport-paris-206-6242-s5.wav,airport,paris,206,6242,s5
airport-paris-206-6243-a.wav,airport,paris,206,6243,a
airport-paris-206-6244-a.wav,airport,paris,206,6244,a
airport-paris-206-6245-a.wav,airport,paris,206,6245,a
airport-paris-206-6245-b.wav,airport,paris,206,6245,b
airport-paris-206-6246-a.wav,airport,paris,206,6246,a
airport-paris-206-6247-a.wav,airport,paris,206,6247,a
airport-paris-206-6247-b.wav,airport,paris,206,6247,b
airport-paris-206-6248-a.wav,airport,paris,206,6248,a
airport-paris-206-6249-a.wav,airport,paris,206,6249,a
airport-paris-206-6250-a.wav,airport,paris,206,6250,a
airport-paris-206-6250-s1.wav,airport,paris,206,6250,s1
airport-paris-206-6251-a.wav,airport,paris,206,6251,a
airport-paris-206-6252-a.wav,airport,paris,206,6252,a
airport-paris-206-6252-s1.wav,airport,paris,206,6252,s1
airport-paris-206-6253-a.wav,airport,paris,206,6253,a
airport-paris-206-6254-a.wav,airport,paris,206,6254,a
airport-paris-206-6254-s2.wav,airport,paris,206,6254,s2
airport-paris-206-6255-a.wav,airport,paris,206,6255,a
airport-paris-206-6256-a.wav,airport,paris,206,6256,a
airport-paris-206-6256-s4.wav,airport,paris,206,6256,s4
airport-paris-206-6257-a.wav,airport,paris,206,6257,a
airport-paris-206-6257-s4.wav,airport,paris,206,6257,s4
airport-paris-206-6257-s5.wav,airport,paris,206,6257,s5
airport-paris-206-6258-a.wav,airport,paris,206,6258,a
airport-paris-206-6259-a.wav,airport,paris,206,6259,a
airport-paris-206-6259-b.wav,airport,paris,206,6259,b
airport-paris-206-6259-s4.wav,airport,paris,206,6259,s4
airport-paris-206-6259-s5.wav,airport,paris,206,6259,s5
airport-paris-206-6260-a.wav,airport,paris,206,6260,a
airport-paris-206-6261-a.wav,airport,paris,206,6261,a
airport-paris-206-6262-a.wav,airport,paris,206,6262,a
airport-paris-206-6262-s2.wav,airport,paris,206,6262,s2
airport-paris-206-6262-s3.wav,airport,paris,206,6262,s3
airport-paris-206-6263-a.wav,airport,paris,206,6263,a
airport-paris-206-6264-a.wav,airport,paris,206,6264,a
airport-paris-206-6265-a.wav,airport,paris,206,6265,a
airport-paris-206-6265-c.wav,airport,paris,206,6265,c
airport-paris-206-6265-s2.wav,airport,paris,206,6265,s2
airport-paris-206-6266-a.wav,airport,paris,206,6266,a
airport-paris-206-6267-a.wav,airport,paris,206,6267,a
airport-paris-206-6267-c.wav,airport,paris,206,6267,c
airport-paris-206-6268-a.wav,airport,paris,206,6268,a
airport-paris-206-6269-a.wav,airport,paris,206,6269,a
airport-paris-206-6270-a.wav,airport,paris,206,6270,a
airport-paris-206-6271-a.wav,airport,paris,206,6271,a
airport-paris-206-6272-a.wav,airport,paris,206,6272,a
airport-paris-206-6273-a.wav,airport,paris,206,6273,a
airport-paris-206-6273-s3.wav,airport,paris,206,6273,s3
airport-paris-206-6274-a.wav,airport,paris,206,6274,a
airport-paris-206-6275-a.wav,airport,paris,206,6275,a
airport-paris-206-6275-s3.wav,airport,paris,206,6275,s3
airport-paris-206-6276-a.wav,airport,paris,206,6276,a
airport-paris-206-6277-a.wav,airport,paris,206,6277,a
airport-paris-206-6277-s6.wav,airport,paris,206,6277,s6
airport-paris-206-6278-a.wav,airport,paris,206,6278,a
airport-paris-206-6279-a.wav,airport,paris,206,6279,a
airport-paris-206-6279-c.wav,airport,paris,206,6279,c
airport-paris-206-6279-s6.wav,airport,paris,206,6279,s6
airport-paris-206-6280-a.wav,airport,paris,206,6280,a
airport-paris-206-6281-a.wav,airport,paris,206,6281,a
airport-paris-206-6282-a.wav,airport,paris,206,6282,a
airport-paris-7-307-a.wav,airport,paris,7,307,a
airport-paris-7-308-a.wav,airport,paris,7,308,a
airport-paris-7-308-s5.wav,airport,paris,7,308,s5
airport-paris-7-309-a.wav,airport,paris,7,309,a
airport-paris-7-310-a.wav,airport,paris,7,310,a
airport-paris-7-311-a.wav,airport,paris,7,311,a
airport-paris-7-311-c.wav,airport,paris,7,311,c
airport-paris-7-311-s1.wav,airport,paris,7,311,s1
airport-paris-7-311-s6.wav,airport,paris,7,311,s6
airport-paris-7-312-a.wav,airport,paris,7,312,a
airport-paris-7-313-a.wav,airport,paris,7,313,a
airport-paris-7-313-s1.wav,airport,paris,7,313,s1
airport-paris-7-314-a.wav,airport,paris,7,314,a
airport-paris-7-314-s3.wav,airport,paris,7,314,s3
airport-paris-7-315-a.wav,airport,paris,7,315,a
airport-paris-7-316-a.wav,airport,paris,7,316,a
airport-paris-7-316-s2.wav,airport,paris,7,316,s2
airport-paris-7-317-a.wav,airport,paris,7,317,a
airport-paris-7-318-a.wav,airport,paris,7,318,a
airport-paris-7-319-a.wav,airport,paris,7,319,a
airport-paris-7-320-a.wav,airport,paris,7,320,a
airport-paris-7-320-s1.wav,airport,paris,7,320,s1
airport-paris-7-321-a.wav,airport,paris,7,321,a
airport-paris-7-321-b.wav,airport,paris,7,321,b
airport-paris-7-322-a.wav,airport,paris,7,322,a
airport-paris-7-322-b.wav,airport,paris,7,322,b
airport-paris-7-323-a.wav,airport,paris,7,323,a
airport-paris-7-323-b.wav,airport,paris,7,323,b
airport-paris-7-323-s6.wav,airport,paris,7,323,s6
airport-paris-7-324-a.wav,airport,paris,7,324,a
airport-paris-7-325-a.wav,airport,paris,7,325,a
airport-paris-7-326-a.wav,airport,paris,7,326,a
airport-paris-7-327-a.wav,airport,paris,7,327,a
airport-paris-7-328-a.wav,airport,paris,7,328,a
airport-paris-7-329-a.wav,airport,paris,7,329,a
airport-paris-7-329-s2.wav,airport,paris,7,329,s2
airport-paris-7-329-s4.wav,airport,paris,7,329,s4
airport-paris-7-330-a.wav,airport,paris,7,330,a
airport-paris-7-330-s6.wav,airport,paris,7,330,s6
airport-paris-7-331-a.wav,airport,paris,7,331,a
airport-paris-7-332-a.wav,airport,paris,7,332,a
airport-paris-7-333-a.wav,airport,paris,7,333,a
airport-paris-7-334-a.wav,airport,paris,7,334,a
airport-paris-7-335-a.wav,airport,paris,7,335,a
airport-paris-7-336-a.wav,airport,paris,7,336,a
